15,15,-8,0,0,0,1
8.25528,10.0399,-4.85256,0,0,-0.541593,190
8.25528,10.0399,-4.85256,0,0,-0.541593,190
7.09247,10.9488,-4.06549,0,0,-0.941593,420
7.09247,10.9488,-4.06549,0,0,-0.941593,420
6.90452,8.93011,-3.58693,0,0,-0.941593,978
6.90452,8.93011,-3.58693,0,0,-0.941593,978
7.12653,8.5766,-4.16961,0,0,-1.14159,222
7.12653,8.5766,-4.16961,0,0,-1.14159,222
6.9969,7.75221,-4.06121,0,0,-1.14159,263
6.9969,7.75221,-4.06121,0,0,-1.14159,263
7.28662,7.8801,-3.71086,0,0,-1.14159,272
7.28662,7.8801,-3.71086,0,0,-1.14159,272
7.32327,7.289,-3.74902,0,0,-0.941593,291
7.32327,7.289,-3.74902,0,0,-0.941593,291
7.52402,6.63107,-4.52053,0,0,-0.941593,293
7.52402,6.63107,-4.52053,0,0,-0.941593,293
7.55298,6.45915,-4.95398,0,0,-0.941593,303
7.55298,6.45915,-4.95398,0,0,-0.941593,303
7.46043,6.63533,-5.5278,0,0,-1.14159,308
7.46043,6.63533,-5.5278,0,0,-1.14159,308
6.79555,6.15322,-5.42169,0,0,-1.34159,275
6.79555,6.15322,-5.42169,0,0,-1.34159,275
6.13724,6.2745,-4.62032,0,0,-1.34159,265
6.13724,6.2745,-4.62032,0,0,-1.34159,265
6.23676,4.89477,-5.77199,0,0,-0.941593,328
6.23676,4.89477,-5.77199,0,0,-0.941593,328
6.22861,4.61816,-5.76563,0,0,-0.941593,327
6.22861,4.61816,-5.76563,0,0,-0.941593,327
5.94993,2.98118,-6.06204,0,0,-0.941593,26
5.94993,2.98118,-6.06204,0,0,-0.941593,26
7.89112,0.910442,-6.46445,0,0,-0.941593,559
7.89112,0.910442,-6.46445,0,0,-0.941593,559
8.41856,2.31682,-6.78601,0,0,-0.741593,553
8.41856,2.31682,-6.78601,0,0,-0.741593,553
8.03793,2.99763,-7.00077,0,0,-0.741593,11
8.03793,2.99763,-7.00077,0,0,-0.741593,11
8.01567,3.41101,-7.31468,0,0,-0.541593,3
8.01567,3.41101,-7.31468,0,0,-0.541593,3
7.92326,3.25827,-7.7101,0,0,-0.541593,569
7.92326,3.25827,-7.7101,0,0,-0.541593,569
8.37986,3.35203,-7.63486,0,0,-0.541593,557
8.37986,3.35203,-7.63486,0,0,-0.541593,557
8.08788,3.36508,-7.53899,0,0,-0.741593,571
8.08788,3.36508,-7.53899,0,0,-0.741593,571
8.33538,3.43193,-7.8786,0,0,-0.941593,22
8.33538,3.43193,-7.8786,0,0,-0.941593,22
8.08741,3.47889,-7.36396,0,0,-0.941593,96
8.08741,3.47889,-7.36396,0,0,-0.941593,96
8.37071,3.22683,-7.29181,0,0,-0.941593,79
8.37071,3.22683,-7.29181,0,0,-0.941593,79
8.76685,3.45414,-7.09197,0,0,-1.14159,16
8.76685,3.45414,-7.09197,0,0,-1.14159,16
8.37557,3.41576,-7.43764,0,0,-1.34159,17
8.37557,3.41576,-7.43764,0,0,-1.34159,17
8.11344,3.07903,-7.47615,0,0,-1.34159,90
8.11344,3.07903,-7.47615,0,0,-1.34159,90
8.04777,3.16034,-7.21182,0,0,-1.34159,85
8.04777,3.16034,-7.21182,0,0,-1.34159,85
7.59707,3.49172,-7.57178,0,0,-1.54159,346
7.59707,3.49172,-7.57178,0,0,-1.54159,346
7.71941,3.85511,-7.54468,0,0,-1.74159,342
7.71941,3.85511,-7.54468,0,0,-1.74159,342
7.60763,3.92377,-7.15389,0,0,-1.74159,343
7.60763,3.92377,-7.15389,0,0,-1.74159,343
7.67369,4,-6.55415,0,0,-1.54159,12
7.67369,4,-6.55415,0,0,-1.54159,12
7.88641,4,-6.339,0,0,-1.54159,60
7.88641,4,-6.339,0,0,-1.54159,60
8.10873,3.48975,-6.78706,0,0,-1.74159,70
8.10873,3.48975,-6.78706,0,0,-1.74159,70
8.26668,3.20418,-6.35894,0,0,-1.54159,78
8.26668,3.20418,-6.35894,0,0,-1.54159,78
8.24373,3.1785,-6.61594,0,0,-1.54159,56
8.24373,3.1785,-6.61594,0,0,-1.54159,56
8.1243,3.08106,-6.59093,0,0,-1.54159,77
8.1243,3.08106,-6.59093,0,0,-1.54159,77
8.10887,3.02737,-6.48913,0,0,-1.34159,55
8.10887,3.02737,-6.48913,0,0,-1.34159,55
8.19916,3.45162,-6.63552,0,0,-1.34159,73
8.19916,3.45162,-6.63552,0,0,-1.34159,73
7.53842,3.5386,-6.98796,0,0,-1.14159,348
7.53842,3.5386,-6.98796,0,0,-1.14159,348
7.4429,3.79641,-6.92393,0,0,-1.14159,344
7.4429,3.79641,-6.92393,0,0,-1.14159,344
7.35126,3.89994,-6.59459,0,0,-1.14159,349
7.35126,3.89994,-6.59459,0,0,-1.14159,349
7.39832,4,-6.36335,0,0,-1.34159,84
7.39832,4,-6.36335,0,0,-1.34159,84
7.89582,4,-6.36541,0,0,-1.34159,15
7.89582,4,-6.36541,0,0,-1.34159,15
8.06656,3.82096,-6.04807,0,0,-1.34159,5
8.06656,3.82096,-6.04807,0,0,-1.34159,5
7.86772,4.13499,-5.553,0,0,-1.14159,25
7.86772,4.13499,-5.553,0,0,-1.14159,25
8.04052,3.89101,-5.90545,0,0,-0.941593,6
8.04052,3.89101,-5.90545,0,0,-0.941593,6
8.44873,3.66866,-6.07554,0,0,-0.941593,27
8.44873,3.66866,-6.07554,0,0,-0.941593,27
8.53941,4.23889,-6.04239,0,0,-0.541593,9
8.53941,4.23889,-6.04239,0,0,-0.541593,9
8.35638,4.21853,-6.67186,0,0,-0.341593,332
8.35638,4.21853,-6.67186,0,0,-0.341593,332
8.22427,4.0993,-6.9626,0,0,-0.141593,338
8.22427,4.0993,-6.9626,0,0,-0.141593,338
8.39341,3.58234,-7.11083,0,0,-0.141593,331
8.39341,3.58234,-7.11083,0,0,-0.141593,331
8.08848,3.16347,-7.43145,0,0,-0.141593,555
8.08848,3.16347,-7.43145,0,0,-0.141593,555
8.1485,3.56777,-7.58562,0,0,0.0584073,544
8.1485,3.56777,-7.58562,0,0,0.0584073,544
8.12318,3.44721,-7.9549,0,0,0.0584073,556
8.12318,3.44721,-7.9549,0,0,0.0584073,556
7.67719,3.67357,-8.29998,0,0,0.0584073,334
7.67719,3.67357,-8.29998,0,0,0.0584073,334
8.53691,4.02812,-7.9858,0,0,-0.141593,554
8.53691,4.02812,-7.9858,0,0,-0.141593,554
7.75053,4.12828,-8.17995,0,0,-0.141593,550
7.75053,4.12828,-8.17995,0,0,-0.141593,550
7.76764,3.79507,-8.48668,0,0,-0.141593,337
7.76764,3.79507,-8.48668,0,0,-0.141593,337
7.31052,3.24467,-8.45265,0,0,-0.341593,83
7.31052,3.24467,-8.45265,0,0,-0.341593,83
7.22732,3.49938,-8.43421,0,0,-0.341593,564
7.22732,3.49938,-8.43421,0,0,-0.341593,564
7.28198,3.21901,-8.4904,0,0,-0.541593,563
7.28198,3.21901,-8.4904,0,0,-0.541593,563
7.05412,3.81554,-8.7335,0,0,-0.541593,572
7.05412,3.81554,-8.7335,0,0,-0.541593,572
6.34274,3.71259,-8.35211,0,0,-0.541593,579
6.34274,3.71259,-8.35211,0,0,-0.541593,579
6.59208,3.53101,-8.39358,0,0,-0.741593,577
6.59208,3.53101,-8.39358,0,0,-0.741593,577
6.87281,3.78947,-8.61019,0,0,-0.741593,92
6.87281,3.78947,-8.61019,0,0,-0.741593,92
7.15442,3.47695,-8.43719,0,0,-0.741593,81
7.15442,3.47695,-8.43719,0,0,-0.741593,81
7.28514,3.71969,-8.63242,0,0,-0.741593,568
7.28514,3.71969,-8.63242,0,0,-0.741593,568
7.76037,4.15109,-9.05457,0,0,-0.941593,94
7.76037,4.15109,-9.05457,0,0,-0.941593,94
8.42154,3.92842,-8.84586,0,0,-1.34159,574
8.42154,3.92842,-8.84586,0,0,-1.34159,574
9.02715,5.77924,-9.44858,0,0,-1.94159,496
9.02715,5.77924,-9.44858,0,0,-1.94159,496
8.19846,5.35146,-8.07873,0,0,-1.94159,318
8.19846,5.35146,-8.07873,0,0,-1.94159,318
7.88156,5.63814,-8.01568,0,0,-1.74159,320
7.88156,5.63814,-8.01568,0,0,-1.74159,320
7.88017,5.3736,-7.92386,0,0,-1.74159,319
7.88017,5.3736,-7.92386,0,0,-1.74159,319
8.33481,4.93479,-7.25235,0,0,-1.94159,341
8.33481,4.93479,-7.25235,0,0,-1.94159,341
8.27523,3.74134,-7.12345,0,0,-1.94159,7
8.27523,3.74134,-7.12345,0,0,-1.94159,7
7.6799,3.52991,-7.79807,0,0,-2.14159,562
7.6799,3.52991,-7.79807,0,0,-2.14159,562
8.16272,3.59648,-7.47965,0,0,-2.34159,87
8.16272,3.59648,-7.47965,0,0,-2.34159,87
8.23749,3.59217,-7.38229,0,0,-2.34159,97
8.23749,3.59217,-7.38229,0,0,-2.34159,97
8.71936,3.28459,-7.40261,0,0,-2.34159,558
8.71936,3.28459,-7.40261,0,0,-2.34159,558
9.09542,3.15859,-6.99208,0,0,-2.34159,8
9.09542,3.15859,-6.99208,0,0,-2.34159,8
10.2074,2.76963,-7.21221,0,0,-2.34159,545
10.2074,2.76963,-7.21221,0,0,-2.34159,545
9.28383,2.98229,-6.57647,0,0,-1.94159,71
9.28383,2.98229,-6.57647,0,0,-1.94159,71
8.70605,2.30527,-6.29706,0,0,-1.94159,19
8.70605,2.30527,-6.29706,0,0,-1.94159,19
8.69142,2.57686,-6.57242,0,0,-1.94159,23
8.69142,2.57686,-6.57242,0,0,-1.94159,23
8.47161,3.03055,-6.44384,0,0,-1.94159,59
8.47161,3.03055,-6.44384,0,0,-1.94159,59
9.0851,3.18949,-6.20436,0,0,-1.74159,72
9.0851,3.18949,-6.20436,0,0,-1.74159,72
8.93695,3.62661,-5.87513,0,0,-1.94159,76
8.93695,3.62661,-5.87513,0,0,-1.94159,76
8.2593,4,-5.84534,0,0,-1.94159,58
8.2593,4,-5.84534,0,0,-1.94159,58
8.23988,4,-5.83719,0,0,-1.94159,57
8.23988,4,-5.83719,0,0,-1.94159,57
8.23462,3.48972,-6.28754,0,0,-2.14159,18
8.23462,3.48972,-6.28754,0,0,-2.14159,18
8.18332,3.98077,-6.50792,0,0,-2.14159,10
8.18332,3.98077,-6.50792,0,0,-2.14159,10
8.2502,3.51864,-6.90198,0,0,-2.14159,68
8.2502,3.51864,-6.90198,0,0,-2.14159,68
8.03086,4,-6.70787,0,0,-2.34159,4
8.03086,4,-6.70787,0,0,-2.34159,4
8.26229,3.34246,-6.5649,0,0,-2.34159,21
8.26229,3.34246,-6.5649,0,0,-2.34159,21
8.19036,2.96327,-6.60094,0,0,-2.34159,20
8.19036,2.96327,-6.60094,0,0,-2.34159,20
8.50408,2.92622,-6.53957,0,0,-2.34159,2
8.50408,2.92622,-6.53957,0,0,-2.34159,2
8.83298,3.17424,-6.91332,0,0,-2.54159,69
8.83298,3.17424,-6.91332,0,0,-2.54159,69
8.71862,3.36141,-7.09974,0,0,-2.74159,86
8.71862,3.36141,-7.09974,0,0,-2.74159,86
8.4809,3.20299,-6.74177,0,0,-2.74159,13
8.4809,3.20299,-6.74177,0,0,-2.74159,13
8.6364,3.60182,-6.54168,0,0,-2.94159,14
8.6364,3.60182,-6.54168,0,0,-2.94159,14
7.36963,4,-7.12639,0,0,-2.74159,140
7.36963,4,-7.12639,0,0,-2.74159,140
7.73391,4,-7.63795,0,0,-2.74159,99
7.73391,4,-7.63795,0,0,-2.74159,99
7.15152,4,-8.05961,0,0,-2.74159,89
7.15152,4,-8.05961,0,0,-2.74159,89
7.48767,4.35405,-8.29655,0,0,-2.74159,573
7.48767,4.35405,-8.29655,0,0,-2.74159,573
7.05501,4.26975,-8.69523,0,0,-2.74159,560
7.05501,4.26975,-8.69523,0,0,-2.74159,560
7.29968,4.42258,-8.34904,0,0,-2.54159,570
7.29968,4.42258,-8.34904,0,0,-2.54159,570
7.22098,4.44454,-8.36586,0,0,-2.34159,546
7.22098,4.44454,-8.36586,0,0,-2.34159,546
6.79507,4.65921,-8.53029,0,0,-2.34159,561
6.79507,4.65921,-8.53029,0,0,-2.34159,561
6.59492,4,-8.32222,0,0,-2.34159,98
6.59492,4,-8.32222,0,0,-2.34159,98
6.87639,3.89011,-8.66097,0,0,-2.14159,82
6.87639,3.89011,-8.66097,0,0,-2.14159,82
6.7175,3.48298,-8.97214,0,0,-1.94159,501
6.7175,3.48298,-8.97214,0,0,-1.94159,501
6.90243,4.2742,-9.05409,0,0,-1.94159,503
6.90243,4.2742,-9.05409,0,0,-1.94159,503
6.34993,4.64502,-8.51943,0,0,-1.94159,537
6.34993,4.64502,-8.51943,0,0,-1.94159,537
6.61922,5.67193,-8.68133,0,0,-1.94159,333
6.61922,5.67193,-8.68133,0,0,-1.94159,333
5.85786,5.18677,-8.9344,0,0,-2.14159,539
5.85786,5.18677,-8.9344,0,0,-2.14159,539
5.58217,5.57452,-9.23141,0,0,-1.94159,538
5.58217,5.57452,-9.23141,0,0,-1.94159,538
5.05352,5.99672,-9.38895,0,0,-1.94159,512
5.05352,5.99672,-9.38895,0,0,-1.94159,512
5.52874,5.51353,-9.1847,0,0,-1.74159,549
5.52874,5.51353,-9.1847,0,0,-1.74159,549
6,5.52474,-8.68045,0,0,-1.54159,350
6,5.52474,-8.68045,0,0,-1.54159,350
6.10488,5.97456,-8.57038,0,0,-1.54159,312
6.10488,5.97456,-8.57038,0,0,-1.54159,312
6.32585,6.00711,-8.51375,0,0,-1.54159,316
6.32585,6.00711,-8.51375,0,0,-1.54159,316
6.63262,5.79965,-8.24007,0,0,-1.54159,314
6.63262,5.79965,-8.24007,0,0,-1.54159,314
6.76722,5.82575,-8.28075,0,0,-1.54159,300
6.76722,5.82575,-8.28075,0,0,-1.54159,300
6.47092,6.68036,-8.98409,0,0,-1.54159,367
6.47092,6.68036,-8.98409,0,0,-1.54159,367
6.37256,6.84338,-8.75793,0,0,-1.54159,211
6.37256,6.84338,-8.75793,0,0,-1.54159,211
5.317,7.0364,-8.4808,0,0,-1.54159,369
5.317,7.0364,-8.4808,0,0,-1.54159,369
5.348,7.54921,-8.4491,0,0,-1.54159,405
5.348,7.54921,-8.4491,0,0,-1.54159,405
5.60202,7.51612,-8.47037,0,0,-1.54159,392
5.60202,7.51612,-8.47037,0,0,-1.54159,392
5.89416,8.28226,-8.88375,0,0,-1.54159,400
5.89416,8.28226,-8.88375,0,0,-1.54159,400
6.25805,7.49886,-8.55732,0,0,-1.74159,374
6.25805,7.49886,-8.55732,0,0,-1.74159,374
5.82709,7.06382,-9.06833,0,0,-1.94159,371
5.82709,7.06382,-9.06833,0,0,-1.94159,371
5.42538,7.2829,-8.22155,0,0,-1.94159,430
5.42538,7.2829,-8.22155,0,0,-1.94159,430
5.58474,7.44385,-8.0587,0,0,-1.94159,397
5.58474,7.44385,-8.0587,0,0,-1.94159,397
5.64662,7.17563,-7.67812,0,0,-1.94159,395
5.64662,7.17563,-7.67812,0,0,-1.94159,395
4.0917,8.25178,-7.65146,0,0,-1.54159,403
4.0917,8.25178,-7.65146,0,0,-1.54159,403
3.40594,7.76841,-6.67077,0,0,-1.74159,381
3.40594,7.76841,-6.67077,0,0,-1.74159,381
3.83824,7.2579,-6.10185,0,0,-1.74159,678
3.83824,7.2579,-6.10185,0,0,-1.74159,678
3.80711,7.49199,-5.93335,0,0,-1.54159,677
3.80711,7.49199,-5.93335,0,0,-1.54159,677
2.94349,7.10835,-5.74385,0,0,-1.34159,687
2.94349,7.10835,-5.74385,0,0,-1.34159,687
2.32997,6.89429,-6.06808,0,0,-1.34159,680
2.32997,6.89429,-6.06808,0,0,-1.34159,680
2.33128,6.87406,-6.2196,0,0,-1.54159,675
2.33128,6.87406,-6.2196,0,0,-1.54159,675
3.01081,7.2209,-6.54153,0,0,-1.74159,752
3.01081,7.2209,-6.54153,0,0,-1.74159,752
2.90599,6.65609,-6.96912,0,0,-1.94159,745
2.90599,6.65609,-6.96912,0,0,-1.94159,745
2.9391,6.3558,-7.01888,0,0,-2.14159,692
2.9391,6.3558,-7.01888,0,0,-2.14159,692
2.57338,6.72926,-7.02074,0,0,-2.34159,691
2.57338,6.72926,-7.02074,0,0,-2.34159,691
3.14195,6.78603,-6.89055,0,0,-2.34159,699
3.14195,6.78603,-6.89055,0,0,-2.34159,699
3.68076,6.55281,-6.63896,0,0,-2.34159,704
3.68076,6.55281,-6.63896,0,0,-2.34159,704
3.68034,6.95264,-6.35452,0,0,-2.34159,703
3.68034,6.95264,-6.35452,0,0,-2.34159,703
3.46288,7.19643,-6.46484,0,0,-2.14159,705
3.46288,7.19643,-6.46484,0,0,-2.14159,705
3.61277,7.50983,-6.72727,0,0,-2.14159,700
3.61277,7.50983,-6.72727,0,0,-2.14159,700
3.20105,8.03117,-7.50959,0,0,-2.14159,734
3.20105,8.03117,-7.50959,0,0,-2.14159,734
2.23751,8.72999,-6.23768,0,0,-1.94159,431
2.23751,8.72999,-6.23768,0,0,-1.94159,431
2.58329,7.40259,-6.08889,0,0,-1.94159,589
2.58329,7.40259,-6.08889,0,0,-1.94159,589
2.70214,7.37318,-6.02068,0,0,-1.94159,590
2.70214,7.37318,-6.02068,0,0,-1.94159,590
2.66462,7.09747,-5.96237,0,0,-2.14159,742
2.66462,7.09747,-5.96237,0,0,-2.14159,742
2.80273,7.62,-5.67188,0,0,-2.34159,627
2.80273,7.62,-5.67188,0,0,-2.34159,627
2.93172,7.51,-5.56951,0,0,-2.34159,593
2.93172,7.51,-5.56951,0,0,-2.34159,593
3.04794,7.3243,-5.47035,0,0,-2.54159,657
3.04794,7.3243,-5.47035,0,0,-2.54159,657
2.89315,6.57566,-5.29138,0,0,-2.54159,679
2.89315,6.57566,-5.29138,0,0,-2.54159,679
2.39269,6.91505,-5.77469,0,0,-2.74159,698
2.39269,6.91505,-5.77469,0,0,-2.74159,698
2.53459,7.7393,-5.30287,0,0,-2.74159,697
2.53459,7.7393,-5.30287,0,0,-2.74159,697
1.86058,7.99978,-4.81363,0,0,-2.94159,620
1.86058,7.99978,-4.81363,0,0,-2.94159,620
2.85038,8.53456,-4.60766,0,0,3.14159,611
2.85038,8.53456,-4.60766,0,0,3.14159,611
2.31604,9.95,-4.93273,0,0,-2.94159,442
2.31604,9.95,-4.93273,0,0,-2.94159,442
3.65074,10.1316,-3.53208,0,0,-2.94159,606
3.65074,10.1316,-3.53208,0,0,-2.94159,606
2.47576,8.42955,-3.15068,0,0,-2.54159,621
2.47576,8.42955,-3.15068,0,0,-2.54159,621
2.9885,7.48999,-3.75321,0,0,-2.74159,612
2.9885,7.48999,-3.75321,0,0,-2.74159,612
3.09194,7.15474,-4.40782,0,0,-2.54159,639
3.09194,7.15474,-4.40782,0,0,-2.54159,639
3.22115,6.87068,-4.4043,0,0,-2.74159,638
3.22115,6.87068,-4.4043,0,0,-2.74159,638
3.1128,6.37804,-4.363,0,0,-2.74159,696
3.1128,6.37804,-4.363,0,0,-2.74159,696
2.97622,6.08181,-4.1797,0,0,-2.74159,624
2.97622,6.08181,-4.1797,0,0,-2.74159,624
3.18441,5.55987,-4.67799,0,0,-2.74159,665
3.18441,5.55987,-4.67799,0,0,-2.74159,665
3.27377,5.74141,-4.77573,0,0,-2.74159,664
3.27377,5.74141,-4.77573,0,0,-2.74159,664
3.49914,5.32493,-5.42591,0,0,-2.54159,658
3.49914,5.32493,-5.42591,0,0,-2.54159,658
3.58626,5.53529,-4.17224,0,0,-2.54159,655
3.58626,5.53529,-4.17224,0,0,-2.54159,655
3.50547,4.90699,-3.75388,0,0,-2.54159,1019
3.50547,4.90699,-3.75388,0,0,-2.54159,1019
3.01157,4.29849,-3.83399,0,0,-2.54159,580
3.01157,4.29849,-3.83399,0,0,-2.54159,580
3.10543,4.12579,-3.85393,0,0,-2.74159,582
3.10543,4.12579,-3.85393,0,0,-2.74159,582
3.26806,4.3649,-4.31846,0,0,-2.74159,646
3.26806,4.3649,-4.31846,0,0,-2.74159,646
3.8676,4.49791,-4.4953,0,0,-2.74159,599
3.8676,4.49791,-4.4953,0,0,-2.74159,599
4,4.55215,-4.60456,0,0,-2.74159,600
4,4.55215,-4.60456,0,0,-2.74159,600
3.48006,4.88026,-5.02571,0,0,-2.94159,632
3.48006,4.88026,-5.02571,0,0,-2.94159,632
3.42815,5.48612,-4.49972,0,0,3.14159,644
3.42815,5.48612,-4.49972,0,0,3.14159,644
3.19072,5.85314,-4.17319,0,0,-2.94159,643
3.19072,5.85314,-4.17319,0,0,-2.94159,643
3.09224,6.50968,-2.5947,0,0,-2.54159,1022
3.09224,6.50968,-2.5947,0,0,-2.54159,1022
2.92793,6.4024,-2.51812,0,0,-2.54159,641
2.92793,6.4024,-2.51812,0,0,-2.54159,641
3.18082,6.54316,-2.64283,0,0,-2.74159,602
3.18082,6.54316,-2.64283,0,0,-2.74159,602
2.91489,6.62089,-2.9393,0,0,-2.94159,642
2.91489,6.62089,-2.9393,0,0,-2.94159,642
3.50567,6.09438,-2.80946,0,0,3.14159,989
3.50567,6.09438,-2.80946,0,0,3.14159,989
3.69613,6.42552,-2.80894,0,0,3.14159,1024
3.69613,6.42552,-2.80894,0,0,3.14159,1024
3.76154,6.96619,-3.15407,0,0,3.14159,990
3.76154,6.96619,-3.15407,0,0,3.14159,990
3.6206,7.02179,-4.26305,0,0,3.14159,617
3.6206,7.02179,-4.26305,0,0,3.14159,617
3.12714,7.33919,-4.06932,0,0,-2.94159,609
3.12714,7.33919,-4.06932,0,0,-2.94159,609
2.68215,7.61617,-3.8131,0,0,-2.94159,645
2.68215,7.61617,-3.8131,0,0,-2.94159,645
2.78201,7.14734,-3.64622,0,0,3.14159,608
2.78201,7.14734,-3.64622,0,0,3.14159,608
2.54495,7.06159,-3.83585,0,0,3.14159,610
2.54495,7.06159,-3.83585,0,0,3.14159,610
2.42627,7.73519,-3.93761,0,0,3.14159,952
2.42627,7.73519,-3.93761,0,0,3.14159,952
2.91525,7.69499,-4.44844,0,0,3.14159,928
2.91525,7.69499,-4.44844,0,0,3.14159,928
3.05547,7.04504,-5.18081,0,0,3.14159,660
3.05547,7.04504,-5.18081,0,0,3.14159,660
2.70557,7.80274,-5.33843,0,0,-2.94159,594
2.70557,7.80274,-5.33843,0,0,-2.94159,594
2.54947,8.25863,-6.21134,0,0,-2.94159,436
2.54947,8.25863,-6.21134,0,0,-2.94159,436
3.12308,8.54993,-6.25339,0,0,-2.54159,435
3.12308,8.54993,-6.25339,0,0,-2.54159,435
3.389,8.20982,-6.61612,0,0,-2.54159,432
3.389,8.20982,-6.61612,0,0,-2.54159,432
4.00865,8.47874,-7.23542,0,0,-2.54159,622
4.00865,8.47874,-7.23542,0,0,-2.54159,622
4.26803,7.55254,-7.69151,0,0,-2.34159,383
4.26803,7.55254,-7.69151,0,0,-2.34159,383
3.79225,7.26843,-7.58461,0,0,-2.54159,454
3.79225,7.26843,-7.58461,0,0,-2.54159,454
3.90347,7.2785,-6.81707,0,0,-2.74159,659
3.90347,7.2785,-6.81707,0,0,-2.74159,659
3.81606,7.28115,-7.05927,0,0,-2.94159,695
3.81606,7.28115,-7.05927,0,0,-2.94159,695
4,6.98562,-7.12596,0,0,-2.94159,636
4,6.98562,-7.12596,0,0,-2.94159,636
3.77487,6.95832,-7.59203,0,0,-2.94159,623
3.77487,6.95832,-7.59203,0,0,-2.94159,623
3.92356,6.74107,-7.7223,0,0,3.14159,735
3.92356,6.74107,-7.7223,0,0,3.14159,735
4.19284,6.47113,-8.12403,0,0,-2.94159,423
4.19284,6.47113,-8.12403,0,0,-2.94159,423
4.34228,6.69254,-8.18507,0,0,-2.94159,388
4.34228,6.69254,-8.18507,0,0,-2.94159,388
4.55044,7.6398,-8.84845,0,0,-2.74159,378
4.55044,7.6398,-8.84845,0,0,-2.74159,378
5.20294,7.18532,-8.26114,0,0,-2.74159,424
5.20294,7.18532,-8.26114,0,0,-2.74159,424
6.48451,7.38765,-8.09183,0,0,-2.94159,460
6.48451,7.38765,-8.09183,0,0,-2.94159,460
6.12302,6.73673,-10,0,0,-2.54159,497
6.12302,6.73673,-10,0,0,-2.54159,497
5.72407,6.73496,-9.97892,0,0,-2.54159,494
5.72407,6.73496,-9.97892,0,0,-2.54159,494
5.79487,6.11008,-9.38144,0,0,-2.94159,379
5.79487,6.11008,-9.38144,0,0,-2.94159,379
6.41938,5.41807,-9.11157,0,0,3.14159,505
6.41938,5.41807,-9.11157,0,0,3.14159,505
7.38627,5.52163,-9.19125,0,0,3.14159,507
7.38627,5.52163,-9.19125,0,0,3.14159,507
6.71898,5.56957,-9.22763,0,0,-2.74159,502
6.71898,5.56957,-9.22763,0,0,-2.74159,502
5.98476,5.49612,-9.42106,0,0,-2.74159,495
5.98476,5.49612,-9.42106,0,0,-2.74159,495
4.76515,5.16068,-8.91442,0,0,-2.54159,516
4.76515,5.16068,-8.91442,0,0,-2.54159,516
4,6.32299,-8.30118,0,0,-2.54159,706
4,6.32299,-8.30118,0,0,-2.54159,706
3.53843,5.65769,-7.80642,0,0,-2.54159,701
3.53843,5.65769,-7.80642,0,0,-2.54159,701
3.57261,5.46212,-7.21438,0,0,-2.34159,676
3.57261,5.46212,-7.21438,0,0,-2.34159,676
3.73921,5.54869,-7.08646,0,0,-2.14159,686
3.73921,5.54869,-7.08646,0,0,-2.14159,686
3.66308,5.95539,-7.55095,0,0,-1.94159,683
3.66308,5.95539,-7.55095,0,0,-1.94159,683
4,5.96411,-7.95667,0,0,-1.94159,738
4,5.96411,-7.95667,0,0,-1.94159,738
4,6.02214,-8.12915,0,0,-2.14159,736
4,6.02214,-8.12915,0,0,-2.14159,736
4,6.17363,-7.98221,0,0,-2.14159,737
4,6.17363,-7.98221,0,0,-2.14159,737
3.57805,6.34763,-8.00849,0,0,-2.14159,707
3.57805,6.34763,-8.00849,0,0,-2.14159,707
1.25689,6.63371,-8.1265,0,0,-1.54159,382
1.25689,6.63371,-8.1265,0,0,-1.54159,382
2.25321,5.7245,-7.34602,0,0,-1.74159,681
2.25321,5.7245,-7.34602,0,0,-1.74159,681
2.68377,5.50839,-7.17618,0,0,-1.74159,718
2.68377,5.50839,-7.17618,0,0,-1.74159,718
2.62043,5.43634,-7.04691,0,0,-1.54159,792
2.62043,5.43634,-7.04691,0,0,-1.54159,792
2.62519,5.46055,-7.03042,0,0,-1.54159,741
2.62519,5.46055,-7.03042,0,0,-1.54159,741
2.36603,4.63173,-8.2647,0,0,-1.94159,723
2.36603,4.63173,-8.2647,0,0,-1.94159,723
2.59316,4.21162,-8.24823,0,0,-1.94159,717
2.59316,4.21162,-8.24823,0,0,-1.94159,717
2.46587,4.77154,-8.10208,0,0,-2.14159,724
2.46587,4.77154,-8.10208,0,0,-2.14159,724
2.37332,5.14152,-7.95012,0,0,-2.14159,739
2.37332,5.14152,-7.95012,0,0,-2.14159,739
2.32335,5.42882,-7.86211,0,0,-2.14159,747
2.32335,5.42882,-7.86211,0,0,-2.14159,747
2.45139,5.26803,-7.57357,0,0,-2.14159,744
2.45139,5.26803,-7.57357,0,0,-2.14159,744
2.36418,5.26894,-7.4824,0,0,-2.14159,746
2.36418,5.26894,-7.4824,0,0,-2.14159,746
2.54844,5.37212,-7.11491,0,0,-2.14159,729
2.54844,5.37212,-7.11491,0,0,-2.14159,729
2.35699,6.04548,-7.65493,0,0,-2.14159,731
2.35699,6.04548,-7.65493,0,0,-2.14159,731
2.31894,5.90484,-7.50799,0,0,-2.34159,730
2.31894,5.90484,-7.50799,0,0,-2.34159,730
2.51458,5.93092,-7.51654,0,0,-2.34159,727
2.51458,5.93092,-7.51654,0,0,-2.34159,727
2.51012,5.97492,-7.07448,0,0,-2.34159,728
2.51012,5.97492,-7.07448,0,0,-2.34159,728
2.66177,5.93961,-7.4661,0,0,-2.54159,693
2.66177,5.93961,-7.4661,0,0,-2.54159,693
2.55485,5.91543,-6.8973,0,0,-2.54159,630
2.55485,5.91543,-6.8973,0,0,-2.54159,630
3.11173,6.51996,-6.91829,0,0,-2.54159,690
3.11173,6.51996,-6.91829,0,0,-2.54159,690
3.05609,7.24006,-6.56675,0,0,-2.54159,626
3.05609,7.24006,-6.56675,0,0,-2.54159,626
2.52344,6.9238,-7.05502,0,0,-2.54159,633
2.52344,6.9238,-7.05502,0,0,-2.54159,633
2.06032,7.41718,-7.40609,0,0,-2.54159,437
2.06032,7.41718,-7.40609,0,0,-2.54159,437
2.70309,7.60572,-7.70937,0,0,-2.54159,429
2.70309,7.60572,-7.70937,0,0,-2.54159,429
2.44648,6.8541,-7.13708,0,0,-2.74159,628
2.44648,6.8541,-7.13708,0,0,-2.74159,628
2.77544,6.84039,-7.04708,0,0,-2.74159,629
2.77544,6.84039,-7.04708,0,0,-2.74159,629
2.61719,6.95213,-7.29601,0,0,-2.94159,453
2.61719,6.95213,-7.29601,0,0,-2.94159,453
2.64924,5.88548,-7.03704,0,0,-2.94159,674
2.64924,5.88548,-7.03704,0,0,-2.94159,674
2.67392,5.46224,-6.78778,0,0,-2.74159,689
2.67392,5.46224,-6.78778,0,0,-2.74159,689
2.64804,5.35524,-6.81387,0,0,-2.74159,631
2.64804,5.35524,-6.81387,0,0,-2.74159,631
2.4452,4.9719,-7.27729,0,0,-2.94159,743
2.4452,4.9719,-7.27729,0,0,-2.94159,743
2.36615,4.69691,-8.05172,0,0,-2.94159,708
2.36615,4.69691,-8.05172,0,0,-2.94159,708
2.33444,4.59524,-8.25005,0,0,-2.94159,702
2.33444,4.59524,-8.25005,0,0,-2.94159,702
2.37048,4.63842,-8.3846,0,0,-2.94159,732
2.37048,4.63842,-8.3846,0,0,-2.94159,732
2.34831,4.58746,-8.5659,0,0,-2.94159,733
2.34831,4.58746,-8.5659,0,0,-2.94159,733
2.81423,4.06326,-8.63381,0,0,3.14159,471
2.81423,4.06326,-8.63381,0,0,3.14159,471
2.9215,4.39004,-8.77037,0,0,3.14159,793
2.9215,4.39004,-8.77037,0,0,3.14159,793
2.38406,5.36253,-8.84062,0,0,-2.94159,427
2.38406,5.36253,-8.84062,0,0,-2.94159,427
1.49562,5.50383,-10,0,0,-2.74159,775
1.49562,5.50383,-10,0,0,-2.74159,775
2.30345,4.44898,-9.54192,0,0,-2.74159,481
2.30345,4.44898,-9.54192,0,0,-2.74159,481
2.37662,4.68306,-8.44312,0,0,-2.74159,710
2.37662,4.68306,-8.44312,0,0,-2.74159,710
2.36217,5.28202,-8.04549,0,0,-2.54159,711
2.36217,5.28202,-8.04549,0,0,-2.54159,711
2.51225,4.63937,-8.17213,0,0,-2.54159,709
2.51225,4.63937,-8.17213,0,0,-2.54159,709
2.77204,4.58312,-7.76624,0,0,-2.54159,726
2.77204,4.58312,-7.76624,0,0,-2.54159,726
2.66795,4.26014,-7.82619,0,0,-2.54159,713
2.66795,4.26014,-7.82619,0,0,-2.54159,713
2.71158,4.24219,-7.88793,0,0,-2.34159,714
2.71158,4.24219,-7.88793,0,0,-2.34159,714
2.52195,4.7194,-7.92874,0,0,-2.34159,725
2.52195,4.7194,-7.92874,0,0,-2.34159,725
2.53104,4.81898,-7.90525,0,0,-2.34159,721
2.53104,4.81898,-7.90525,0,0,-2.34159,721
2.4022,4.92469,-8.26232,0,0,-2.34159,722
2.4022,4.92469,-8.26232,0,0,-2.34159,722
2.42035,4.3154,-8.67891,0,0,-2.14159,716
2.42035,4.3154,-8.67891,0,0,-2.14159,716
2.34691,4.26251,-8.75979,0,0,-2.14159,764
2.34691,4.26251,-8.75979,0,0,-2.14159,764
2.33561,4.26145,-8.7849,0,0,-2.14159,712
2.33561,4.26145,-8.7849,0,0,-2.14159,712
2.35314,4.07779,-8.70325,0,0,-2.14159,765
2.35314,4.07779,-8.70325,0,0,-2.14159,765
2.37996,3.86917,-8.69663,0,0,-2.14159,763
2.37996,3.86917,-8.69663,0,0,-2.14159,763
2.87966,3.39048,-8.38962,0,0,-1.94159,782
2.87966,3.39048,-8.38962,0,0,-1.94159,782
2.41475,3.79395,-8.93884,0,0,-1.74159,766
2.41475,3.79395,-8.93884,0,0,-1.74159,766
2.29049,4.17551,-8.81575,0,0,-1.74159,769
2.29049,4.17551,-8.81575,0,0,-1.74159,769
2.3877,4.38726,-8.36951,0,0,-1.74159,762
2.3877,4.38726,-8.36951,0,0,-1.74159,762
2.35629,4.28487,-8.11884,0,0,-1.74159,771
2.35629,4.28487,-8.11884,0,0,-1.74159,771
2.37897,4.14313,-8.22072,0,0,-1.74159,770
2.37897,4.14313,-8.22072,0,0,-1.74159,770
1.47832,3.88335,-8.20014,0,0,-1.94159,135
1.47832,3.88335,-8.20014,0,0,-1.94159,135
2.26535,3.34482,-7.55764,0,0,-1.94159,761
2.26535,3.34482,-7.55764,0,0,-1.94159,761
2.65003,3.331,-7.6049,0,0,-1.74159,149
2.65003,3.331,-7.6049,0,0,-1.74159,149
2.83459,3.15246,-8.1055,0,0,-1.74159,786
2.83459,3.15246,-8.1055,0,0,-1.74159,786
3.0172,3.65816,-8.05875,0,0,-1.74159,783
3.0172,3.65816,-8.05875,0,0,-1.74159,783
3.46732,3.43279,-8.35514,0,0,-1.74159,773
3.46732,3.43279,-8.35514,0,0,-1.74159,773
3.71015,3.35418,-8.2389,0,0,-1.74159,778
3.71015,3.35418,-8.2389,0,0,-1.74159,778
3.5997,3.31557,-8.51979,0,0,-1.74159,781
3.5997,3.31557,-8.51979,0,0,-1.74159,781
3.68031,3.47847,-8.78698,0,0,-1.74159,776
3.68031,3.47847,-8.78698,0,0,-1.74159,776
3.75741,4.07769,-8.50305,0,0,-1.74159,785
3.75741,4.07769,-8.50305,0,0,-1.74159,785
4,3.67222,-8.51895,0,0,-1.74159,784
4,3.67222,-8.51895,0,0,-1.74159,784
4.9302,3.88771,-8.1639,0,0,-1.74159,567
4.9302,3.88771,-8.1639,0,0,-1.74159,567
5.13269,3.10595,-7.74987,0,0,-1.74159,80
5.13269,3.10595,-7.74987,0,0,-1.74159,80
5.50354,3.73626,-9.06856,0,0,-2.14159,522
5.50354,3.73626,-9.06856,0,0,-2.14159,522
4.88618,3.90512,-9.02471,0,0,-2.14159,490
4.88618,3.90512,-9.02471,0,0,-2.14159,490
4,3.79515,-8.63692,0,0,-2.34159,720
4,3.79515,-8.63692,0,0,-2.34159,720
3.66775,4.39237,-8.37073,0,0,-2.14159,719
3.66775,4.39237,-8.37073,0,0,-2.14159,719
3.49094,4.32154,-8.56122,0,0,-1.94159,760
3.49094,4.32154,-8.56122,0,0,-1.94159,760
3.37712,4.09114,-8.09515,0,0,-1.94159,524
3.37712,4.09114,-8.09515,0,0,-1.94159,524
3.55281,3.93627,-7.97653,0,0,-1.94159,536
3.55281,3.93627,-7.97653,0,0,-1.94159,536
3.76086,4,-7.29074,0,0,-2.14159,141
3.76086,4,-7.29074,0,0,-2.14159,141
3.65294,4,-6.9175,0,0,-2.14159,160
3.65294,4,-6.9175,0,0,-2.14159,160
3.59138,4,-7.20851,0,0,-2.14159,131
3.59138,4,-7.20851,0,0,-2.14159,131
3.47396,3.82477,-7.87262,0,0,-2.34159,127
3.47396,3.82477,-7.87262,0,0,-2.34159,127
3.58635,3.71718,-7.91078,0,0,-2.54159,533
3.58635,3.71718,-7.91078,0,0,-2.54159,533
3.57039,3.61832,-7.73297,0,0,-2.54159,519
3.57039,3.61832,-7.73297,0,0,-2.54159,519
2.90378,3.094,-8.00898,0,0,-2.54159,119
2.90378,3.094,-8.00898,0,0,-2.54159,119
2.74469,3.2634,-8.01959,0,0,-2.74159,118
2.74469,3.2634,-8.01959,0,0,-2.74159,118
2.802,3.31032,-7.9087,0,0,-2.74159,139
2.802,3.31032,-7.9087,0,0,-2.74159,139
3.86658,3.28492,-7.47758,0,0,3.14159,509
3.86658,3.28492,-7.47758,0,0,3.14159,509
3.71666,1.72912,-6.44712,0,0,-2.74159,780
3.71666,1.72912,-6.44712,0,0,-2.74159,780
3.35713,2.46256,-7.05764,0,0,-2.54159,146
3.35713,2.46256,-7.05764,0,0,-2.54159,146
3.97949,2.44998,-8.22588,0,0,-2.34159,137
3.97949,2.44998,-8.22588,0,0,-2.34159,137
4.27878,0.191221,-9.02067,0,0,-2.34159,779
4.27878,0.191221,-9.02067,0,0,-2.34159,779
3.92723,2.40475,-8.35427,0,0,-2.14159,125
3.92723,2.40475,-8.35427,0,0,-2.14159,125
3.97231,2.48452,-8.32104,0,0,-1.94159,474
3.97231,2.48452,-8.32104,0,0,-1.94159,474
3.30166,3.04002,-7.64205,0,0,-1.94159,154
3.30166,3.04002,-7.64205,0,0,-1.94159,154
3.10017,3.16156,-6.80572,0,0,-1.74159,148
3.10017,3.16156,-6.80572,0,0,-1.74159,148
3.24492,3.2329,-7.44591,0,0,-1.54159,121
3.24492,3.2329,-7.44591,0,0,-1.54159,121
2.43498,2.8609,-7.74521,0,0,-1.54159,535
2.43498,2.8609,-7.74521,0,0,-1.54159,535
2.79899,2.93911,-8.42722,0,0,-1.54159,772
2.79899,2.93911,-8.42722,0,0,-1.54159,772
2.87621,3.43638,-8.21113,0,0,-1.54159,122
2.87621,3.43638,-8.21113,0,0,-1.54159,122
2.48148,3.97129,-8.09294,0,0,-1.54159,767
2.48148,3.97129,-8.09294,0,0,-1.54159,767
2.38376,4.08578,-8.26502,0,0,-1.54159,768
2.38376,4.08578,-8.26502,0,0,-1.54159,768
2.77512,3.61915,-8.35998,0,0,-1.34159,117
2.77512,3.61915,-8.35998,0,0,-1.34159,117
3.35038,3.38959,-8.63714,0,0,-1.54159,774
3.35038,3.38959,-8.63714,0,0,-1.54159,774
3.53532,3.31263,-8.58502,0,0,-1.54159,468
3.53532,3.31263,-8.58502,0,0,-1.54159,468
3.80946,2.88471,-8.04657,0,0,-1.54159,128
3.80946,2.88471,-8.04657,0,0,-1.54159,128
3.48712,3.27648,-8.58235,0,0,-1.34159,523
3.48712,3.27648,-8.58235,0,0,-1.34159,523
3.73565,3.82998,-8.64391,0,0,-1.34159,518
3.73565,3.82998,-8.64391,0,0,-1.34159,518
3.28124,3.46027,-8.54366,0,0,-1.14159,477
3.28124,3.46027,-8.54366,0,0,-1.14159,477
3.3952,3.29251,-8.31385,0,0,-1.14159,525
3.3952,3.29251,-8.31385,0,0,-1.14159,525
2.91251,3.06396,-8.05879,0,0,-1.14159,464
2.91251,3.06396,-8.05879,0,0,-1.14159,464
3.07532,3.57789,-8.5059,0,0,-0.941593,526
3.07532,3.57789,-8.5059,0,0,-0.941593,526
3.09914,3.22886,-8.17446,0,0,-0.941593,124
3.09914,3.22886,-8.17446,0,0,-0.941593,124
3.09508,3.34675,-7.52495,0,0,-0.941593,527
3.09508,3.34675,-7.52495,0,0,-0.941593,527
3.09116,4,-6.90781,0,0,-0.741593,133
3.09116,4,-6.90781,0,0,-0.741593,133
2.6623,3.95259,-7.18204,0,0,-0.541593,144
2.6623,3.95259,-7.18204,0,0,-0.541593,144
2.48556,2.97252,-7.69196,0,0,-0.341593,155
2.48556,2.97252,-7.69196,0,0,-0.341593,155
2.38368,2.92763,-7.70531,0,0,-0.541593,134
2.38368,2.92763,-7.70531,0,0,-0.541593,134
1.54487,1.97828,-6.85596,0,0,-0.741593,475
1.54487,1.97828,-6.85596,0,0,-0.741593,475
2.88344,3.19538,-6.23433,0,0,-0.541593,161
2.88344,3.19538,-6.23433,0,0,-0.541593,161
3.07252,4,-6.20493,0,0,-0.741593,143
3.07252,4,-6.20493,0,0,-0.741593,143
2.82188,4,-6.1518,0,0,-0.941593,142
2.82188,4,-6.1518,0,0,-0.941593,142
2.70935,4,-6.80616,0,0,-1.14159,150
2.70935,4,-6.80616,0,0,-1.14159,150
2.96545,3.60736,-6.78152,0,0,-1.14159,145
2.96545,3.60736,-6.78152,0,0,-1.14159,145
3.15215,3.88455,-6.53634,0,0,-1.14159,126
3.15215,3.88455,-6.53634,0,0,-1.14159,126
2.68274,3.81455,-5.99904,0,0,-1.14159,136
2.68274,3.81455,-5.99904,0,0,-1.14159,136
3.01977,3.3207,-5.82456,0,0,-1.14159,115
3.01977,3.3207,-5.82456,0,0,-1.14159,115
2.67024,4,-5.8981,0,0,-1.34159,147
2.67024,4,-5.8981,0,0,-1.34159,147
2.92641,3.94502,-6.3067,0,0,-1.34159,120
2.92641,3.94502,-6.3067,0,0,-1.34159,120
3.00748,3.9825,-6.35372,0,0,-1.34159,138
3.00748,3.9825,-6.35372,0,0,-1.34159,138
2.93745,4,-6.07353,0,0,-1.54159,132
2.93745,4,-6.07353,0,0,-1.54159,132
2.59071,3.67103,-6.34138,0,0,-1.54159,794
2.59071,3.67103,-6.34138,0,0,-1.54159,794
2.55742,3.82682,-6.6791,0,0,-1.54159,790
2.55742,3.82682,-6.6791,0,0,-1.54159,790
1.39274,4.17601,-5.90555,0,0,-1.54159,110
1.39274,4.17601,-5.90555,0,0,-1.54159,110
3.03381,4,-5.24979,0,0,-1.94159,100
3.03381,4,-5.24979,0,0,-1.94159,100
3.14637,3.99557,-5.62199,0,0,-2.14159,151
3.14637,3.99557,-5.62199,0,0,-2.14159,151
2.7416,3.57626,-5.79091,0,0,-2.54159,109
2.7416,3.57626,-5.79091,0,0,-2.54159,109
2.77333,3.43049,-5.84128,0,0,-2.54159,112
2.77333,3.43049,-5.84128,0,0,-2.54159,112
3.37311,3.32264,-5.81561,0,0,-2.54159,114
3.37311,3.32264,-5.81561,0,0,-2.54159,114
2.93807,3.26052,-5.95651,0,0,-2.74159,787
2.93807,3.26052,-5.95651,0,0,-2.74159,787
3.42834,3.09592,-5.72489,0,0,-2.94159,111
3.42834,3.09592,-5.72489,0,0,-2.94159,111
3.28538,3.90015,-5.08423,0,0,3.14159,669
3.28538,3.90015,-5.08423,0,0,3.14159,669
2.79689,3.98269,-4.73078,0,0,3.14159,670
2.79689,3.98269,-4.73078,0,0,3.14159,670
2.80047,3.8993,-4.51204,0,0,3.14159,672
2.80047,3.8993,-4.51204,0,0,3.14159,672
3.61296,3.87804,-4.56008,0,0,-2.94159,671
3.61296,3.87804,-4.56008,0,0,-2.94159,671
3.38944,3.79807,-4.75613,0,0,-2.94159,598
3.38944,3.79807,-4.75613,0,0,-2.94159,598
3.22339,3.86082,-4.61679,0,0,-2.94159,668
3.22339,3.86082,-4.61679,0,0,-2.94159,668
3.12084,4.16314,-3.86686,0,0,-2.94159,667
3.12084,4.16314,-3.86686,0,0,-2.94159,667
3.07986,4.6073,-3.83431,0,0,-2.94159,596
3.07986,4.6073,-3.83431,0,0,-2.94159,596
3.41382,4.84474,-4.00765,0,0,-2.94159,648
3.41382,4.84474,-4.00765,0,0,-2.94159,648
3.01962,4.76477,-3.00251,0,0,3.14159,587
3.01962,4.76477,-3.00251,0,0,3.14159,587
3.56225,4.87811,-2.98908,0,0,3.14159,1021
3.56225,4.87811,-2.98908,0,0,3.14159,1021
3.41222,4.60759,-2.8409,0,0,3.14159,988
3.41222,4.60759,-2.8409,0,0,3.14159,988
3.16058,3.7173,-2.59876,0,0,3.14159,1023
3.16058,3.7173,-2.59876,0,0,3.14159,1023
3.11594,3.82751,-2.61458,0,0,-2.94159,1020
3.11594,3.82751,-2.61458,0,0,-2.94159,1020
3.29075,3.43578,-2.53302,0,0,-2.74159,584
3.29075,3.43578,-2.53302,0,0,-2.74159,584
2.98841,3.5154,-2.93371,0,0,-2.54159,581
2.98841,3.5154,-2.93371,0,0,-2.54159,581
3.2917,3.29797,-2.59153,0,0,-2.34159,595
3.2917,3.29797,-2.59153,0,0,-2.34159,595
3.32049,3.70284,-2.78622,0,0,-2.34159,985
3.32049,3.70284,-2.78622,0,0,-2.34159,985
3.4833,3.43757,-2.46567,0,0,-2.54159,986
3.4833,3.43757,-2.46567,0,0,-2.54159,986
4.30607,2.86911,-2.185,0,0,-2.54159,152
4.30607,2.86911,-2.185,0,0,-2.54159,152
4.61138,2.59457,-2.04483,0,0,-2.54159,45
4.61138,2.59457,-2.04483,0,0,-2.54159,45
4.73345,2.74,-2.33543,0,0,-2.34159,156
4.73345,2.74,-2.33543,0,0,-2.34159,156
4.0161,2.63587,-2.77532,0,0,-2.14159,973
4.0161,2.63587,-2.77532,0,0,-2.14159,973
4.0623,2.43345,-2.75313,0,0,-1.94159,974
4.0623,2.43345,-2.75313,0,0,-1.94159,974
4.05699,2.47263,-2.89106,0,0,-1.94159,106
4.05699,2.47263,-2.89106,0,0,-1.94159,106
4.03366,2.78366,-2.85009,0,0,-1.94159,1008
4.03366,2.78366,-2.85009,0,0,-1.94159,1008
3.75592,2.98262,-2.72514,0,0,-1.94159,50
3.75592,2.98262,-2.72514,0,0,-1.94159,50
4.30998,2.84488,-3.08554,0,0,-1.74159,105
4.30998,2.84488,-3.08554,0,0,-1.74159,105
4.06044,2.72001,-2.91895,0,0,-1.74159,43
4.06044,2.72001,-2.91895,0,0,-1.74159,43
3.92237,2.65141,-2.79056,0,0,-1.74159,44
3.92237,2.65141,-2.79056,0,0,-1.74159,44
3.53144,2.57804,-2.66804,0,0,-1.54159,41
3.53144,2.57804,-2.66804,0,0,-1.54159,41
3.27286,3.11751,-2.37163,0,0,-1.54159,749
3.27286,3.11751,-2.37163,0,0,-1.54159,749
2.07921,3.32378,-2.33769,0,0,-1.74159,1009
2.07921,3.32378,-2.33769,0,0,-1.74159,1009
2.95417,2.94131,-3.04963,0,0,-1.74159,753
2.95417,2.94131,-3.04963,0,0,-1.74159,753
3.24393,2.88798,-2.88497,0,0,-1.74159,751
3.24393,2.88798,-2.88497,0,0,-1.74159,751
3.28413,3.07928,-2.97844,0,0,-1.74159,684
3.28413,3.07928,-2.97844,0,0,-1.74159,684
3.28662,3.17124,-3.06648,0,0,-1.74159,754
3.28662,3.17124,-3.06648,0,0,-1.74159,754
3.25345,4.12276,-3.54325,0,0,-1.94159,984
3.25345,4.12276,-3.54325,0,0,-1.94159,984
3.19789,4.60899,-3.85556,0,0,-2.14159,583
3.19789,4.60899,-3.85556,0,0,-2.14159,583
1.35748,4.70965,-4.00484,0,0,-2.14159,748
1.35748,4.70965,-4.00484,0,0,-2.14159,748
1.29277,4.39084,-3.88848,0,0,-1.74159,758
1.29277,4.39084,-3.88848,0,0,-1.74159,758
2.63921,3.82922,-3.8014,0,0,-1.54159,750
2.63921,3.82922,-3.8014,0,0,-1.54159,750
3.23148,3.65608,-3.49752,0,0,-1.54159,759
3.23148,3.65608,-3.49752,0,0,-1.54159,759
3.27509,3.27513,-2.91348,0,0,-1.54159,757
3.27509,3.27513,-2.91348,0,0,-1.54159,757
3.40463,3.13067,-3.01539,0,0,-1.54159,755
3.40463,3.13067,-3.01539,0,0,-1.54159,755
3.39745,3.034,-3.38442,0,0,-1.54159,756
3.39745,3.034,-3.38442,0,0,-1.54159,756
3.72163,2.96306,-3.43454,0,0,-1.54159,113
3.72163,2.96306,-3.43454,0,0,-1.54159,113
4.01713,3.05072,-3.26609,0,0,-1.54159,107
4.01713,3.05072,-3.26609,0,0,-1.54159,107
3.86688,3.07219,-3.0438,0,0,-1.54159,108
3.86688,3.07219,-3.0438,0,0,-1.54159,108
4.0976,2.9765,-3.44279,0,0,-1.34159,116
4.0976,2.9765,-3.44279,0,0,-1.34159,116
3.91716,2.97358,-3.22629,0,0,-1.34159,42
3.91716,2.97358,-3.22629,0,0,-1.34159,42
3.26875,3.40954,-3.33682,0,0,-1.34159,788
3.26875,3.40954,-3.33682,0,0,-1.34159,788
3.24442,4,-3.64483,0,0,-1.14159,51
3.24442,4,-3.64483,0,0,-1.14159,51
3.26878,3.89812,-3.76616,0,0,-1.14159,101
3.26878,3.89812,-3.76616,0,0,-1.14159,101
3.98748,3.32907,-3.55196,0,0,-0.941593,157
3.98748,3.32907,-3.55196,0,0,-0.941593,157
4.0068,3.31536,-3.14824,0,0,-0.941593,159
4.0068,3.31536,-3.14824,0,0,-0.941593,159
4.57343,2.68321,-2.31626,0,0,-1.34159,49
4.57343,2.68321,-2.31626,0,0,-1.34159,49
4.40805,2.99414,-2.25521,0,0,-1.54159,1006
4.40805,2.99414,-2.25521,0,0,-1.54159,1006
4.45486,2.89944,-2.29639,0,0,-1.54159,1007
4.45486,2.89944,-2.29639,0,0,-1.54159,1007
4.53896,3.01332,-2.40528,0,0,-1.54159,972
4.53896,3.01332,-2.40528,0,0,-1.54159,972
5.14923,2.89861,-1.89228,0,0,-1.34159,971
5.14923,2.89861,-1.89228,0,0,-1.34159,971
5.18906,2.63551,-2.07685,0,0,-1.34159,54
5.18906,2.63551,-2.07685,0,0,-1.34159,54
5.50966,2.32338,-2.26991,0,0,-1.34159,158
5.50966,2.32338,-2.26991,0,0,-1.34159,158
5.61207,2.21498,-2.36907,0,0,-1.54159,103
5.61207,2.21498,-2.36907,0,0,-1.54159,103
5.61986,2.22175,-2.35,0,0,-1.54159,104
5.61986,2.22175,-2.35,0,0,-1.54159,104
8.08409,3.84186,-1.13946,0,0,-1.94159,29
8.08409,3.84186,-1.13946,0,0,-1.94159,29
7.64133,5.18204,-0.132348,0,0,-1.94159,1000
7.64133,5.18204,-0.132348,0,0,-1.94159,1000
5.46901,3.10744,-1.81858,0,0,-1.14159,1005
5.46901,3.10744,-1.81858,0,0,-1.14159,1005
5.25821,2.77795,-2.13052,0,0,-1.14159,52
5.25821,2.77795,-2.13052,0,0,-1.14159,52
5.16825,2.64044,-2.04132,0,0,-1.14159,53
5.16825,2.64044,-2.04132,0,0,-1.14159,53
4.8139,2.64021,-2.30796,0,0,-1.14159,47
4.8139,2.64021,-2.30796,0,0,-1.14159,47
4.84486,2.71364,-2.12728,0,0,-0.941593,48
4.84486,2.71364,-2.12728,0,0,-0.941593,48
5.11994,2.84302,-2.16111,0,0,-0.941593,40
5.11994,2.84302,-2.16111,0,0,-0.941593,40
5.50578,2.82904,-2.16847,0,0,-0.941593,66
5.50578,2.82904,-2.16847,0,0,-0.941593,66
5.55006,3.11667,-1.9725,0,0,-0.941593,63
5.55006,3.11667,-1.9725,0,0,-0.941593,63
5.64774,3.00919,-1.6354,0,0,-0.941593,970
5.64774,3.00919,-1.6354,0,0,-0.941593,970
4.87819,2.74825,-1.66948,0,0,-0.741593,62
4.87819,2.74825,-1.66948,0,0,-0.741593,62
5.30561,3.00617,-1.64746,0,0,-0.741593,1004
5.30561,3.00617,-1.64746,0,0,-0.741593,1004
5.89327,3.16727,-1.81595,0,0,-0.741593,65
5.89327,3.16727,-1.81595,0,0,-0.741593,65
5.97642,3.18693,-1.68187,0,0,-0.741593,32
5.97642,3.18693,-1.68187,0,0,-0.741593,32
5.99819,3.13317,-1.7536,0,0,-0.741593,34
5.99819,3.13317,-1.7536,0,0,-0.741593,34
6.12396,3.12457,-1.81518,0,0,-0.741593,969
6.12396,3.12457,-1.81518,0,0,-0.741593,969
6.40707,3.34453,-1.28136,0,0,-0.941593,64
6.40707,3.34453,-1.28136,0,0,-0.941593,64
6.1828,3.10295,-1.56046,0,0,-0.941593,67
6.1828,3.10295,-1.56046,0,0,-0.941593,67
6.66808,3.32041,-1.34635,0,0,-0.741593,75
6.66808,3.32041,-1.34635,0,0,-0.741593,75
6.23942,3.10911,-1.40442,0,0,-0.541593,61
6.23942,3.10911,-1.40442,0,0,-0.541593,61
6.24199,3.1483,-1.26731,0,0,-0.541593,1003
6.24199,3.1483,-1.26731,0,0,-0.541593,1003
6.36474,3.22084,-1.29475,0,0,-0.541593,74
6.36474,3.22084,-1.29475,0,0,-0.541593,74
6.92955,3.457,-1.21436,0,0,-0.541593,33
6.92955,3.457,-1.21436,0,0,-0.541593,33
7.20654,4,-0.79903,0,0,-0.741593,36
7.20654,4,-0.79903,0,0,-0.741593,36
7.35144,4,-0.652681,0,0,-0.741593,968
7.35144,4,-0.652681,0,0,-0.741593,968
7.17118,4,-0.574418,0,0,-0.741593,31
7.17118,4,-0.574418,0,0,-0.741593,31
7.21408,4,-0.734356,0,0,-0.541593,967
7.21408,4,-0.734356,0,0,-0.541593,967
7.31752,3.99306,-0.747876,0,0,-0.541593,1002
7.31752,3.99306,-0.747876,0,0,-0.541593,1002
7.26182,4,-1.19346,0,0,-0.541593,38
7.26182,4,-1.19346,0,0,-0.541593,38
7.50189,3.80621,-1.61433,0,0,-0.341593,24
7.50189,3.80621,-1.61433,0,0,-0.341593,24
7.09596,3.49849,-1.68068,0,0,-0.141593,30
7.09596,3.49849,-1.68068,0,0,-0.141593,30
6.72556,3.83802,-1.58352,0,0,-0.141593,966
6.72556,3.83802,-1.58352,0,0,-0.141593,966
6.71442,3.57909,-0.880645,0,0,-0.141593,28
6.71442,3.57909,-0.880645,0,0,-0.141593,28
6.44549,4,-0.835534,0,0,-0.141593,39
6.44549,4,-0.835534,0,0,-0.141593,39
6.70929,3.83913,-1.11866,0,0,-0.341593,37
6.70929,3.83913,-1.11866,0,0,-0.341593,37
6.96735,4,-0.823858,0,0,-0.341593,35
6.96735,4,-0.823858,0,0,-0.341593,35
7.18752,4,-0.919333,0,0,-0.341593,1001
7.18752,4,-0.919333,0,0,-0.341593,1001
7.73625,4.85521,-0.60479,0,0,-0.141593,983
7.73625,4.85521,-0.60479,0,0,-0.141593,983
7.2532,5.28925,-0.796691,0,0,-0.141593,267
7.2532,5.28925,-0.796691,0,0,-0.141593,267
7.16178,5.11809,-0.864708,0,0,-0.141593,1018
7.16178,5.11809,-0.864708,0,0,-0.141593,1018
7.44081,5.16329,-0.718714,0,0,0.0584073,981
7.44081,5.16329,-0.718714,0,0,0.0584073,981
7.28485,5.05465,-0.756426,0,0,0.0584073,982
7.28485,5.05465,-0.756426,0,0,0.0584073,982
7.03023,5.56076,-1.2903,0,0,0.0584073,1016
7.03023,5.56076,-1.2903,0,0,0.0584073,1016
7.38075,5.83604,-1.6427,0,0,-0.141593,273
7.38075,5.83604,-1.6427,0,0,-0.141593,273
7.14442,6.02371,-2.05551,0,0,0.0584073,1015
7.14442,6.02371,-2.05551,0,0,0.0584073,1015
6.42529,6.08678,-1.8111,0,0,0.258407,262
6.42529,6.08678,-1.8111,0,0,0.258407,262
6.65404,5.76113,-1.95,0,0,0.458407,979
6.65404,5.76113,-1.95,0,0,0.458407,979
6.46999,5.87525,-2.09474,0,0,0.458407,292
6.46999,5.87525,-2.09474,0,0,0.458407,292
6.65902,5.95963,-1.97823,0,0,0.658407,1013
6.65902,5.95963,-1.97823,0,0,0.658407,1013
6.96774,6.61775,-1.69897,0,0,0.658407,977
6.96774,6.61775,-1.69897,0,0,0.658407,977
7.06905,6.69858,-2.21037,0,0,0.458407,1012
7.06905,6.69858,-2.21037,0,0,0.458407,1012
7.3496,6.3191,-1.87784,0,0,0.458407,296
7.3496,6.3191,-1.87784,0,0,0.458407,296
7.36153,5.78633,-2.50544,0,0,0.658407,248
7.36153,5.78633,-2.50544,0,0,0.658407,248
8.7187,5.3251,-3.45976,0,0,0.858407,177
8.7187,5.3251,-3.45976,0,0,0.858407,177
7.14942,6.06016,-2.38305,0,0,1.25841,246
7.14942,6.06016,-2.38305,0,0,1.25841,246
7.19878,6.59908,-1.95673,0,0,1.05841,976
7.19878,6.59908,-1.95673,0,0,1.05841,976
7.10128,6.67417,-2.13093,0,0,0.858407,255
7.10128,6.67417,-2.13093,0,0,0.858407,255
6.88088,7.13346,-2.40837,0,0,1.05841,998
6.88088,7.13346,-2.40837,0,0,1.05841,998
6.63065,7.72988,-2.3074,0,0,1.05841,813
6.63065,7.72988,-2.3074,0,0,1.05841,813
6.06183,7.74773,-2.88137,0,0,0.858407,244
6.06183,7.74773,-2.88137,0,0,0.858407,244
6,7.32016,-3.16921,0,0,0.858407,247
6,7.32016,-3.16921,0,0,0.858407,247
6.47967,7.51854,-2.78673,0,0,0.658407,818
6.47967,7.51854,-2.78673,0,0,0.658407,818
5.97985,8.29488,-3.02136,0,0,0.658407,812
5.97985,8.29488,-3.02136,0,0,0.658407,812
5.55638,8.34937,-3.19556,0,0,0.658407,830
5.55638,8.34937,-3.19556,0,0,0.658407,830
6.00768,8.04935,-3.42535,0,0,0.658407,829
6.00768,8.04935,-3.42535,0,0,0.658407,829
5.91217,8.09503,-4.07816,0,0,0.658407,824
5.91217,8.09503,-4.07816,0,0,0.658407,824
6.34283,8.67388,-4.36826,0,0,0.458407,220
6.34283,8.67388,-4.36826,0,0,0.458407,220
6.39027,8.84867,-4.33452,0,0,0.658407,195
6.39027,8.84867,-4.33452,0,0,0.658407,195
7.22619,9.20857,-4.02683,0,0,0.458407,170
7.22619,9.20857,-4.02683,0,0,0.458407,170
7.16745,9.67643,-3.97005,0,0,0.258407,218
7.16745,9.67643,-3.97005,0,0,0.258407,218
7.0577,9.16633,-4.25872,0,0,0.258407,163
7.0577,9.16633,-4.25872,0,0,0.258407,163
7.09026,8.81723,-4.80159,0,0,0.458407,166
7.09026,8.81723,-4.80159,0,0,0.458407,166
7.76548,8.75807,-4.85273,0,0,0.658407,202
7.76548,8.75807,-4.85273,0,0,0.658407,202
7.81159,8.71105,-4.65829,0,0,0.858407,205
7.81159,8.71105,-4.65829,0,0,0.858407,205
7.60665,8.35391,-4.56145,0,0,0.858407,203
7.60665,8.35391,-4.56145,0,0,0.858407,203
7.20498,7.87527,-4.74147,0,0,0.858407,197
7.20498,7.87527,-4.74147,0,0,0.858407,197
7.01845,7.65727,-4.18447,0,0,0.658407,236
7.01845,7.65727,-4.18447,0,0,0.658407,236
7.60795,7.73504,-4.4872,0,0,0.658407,174
7.60795,7.73504,-4.4872,0,0,0.658407,174
7.01439,7.90488,-4.15962,0,0,0.458407,834
7.01439,7.90488,-4.15962,0,0,0.458407,834
7.61262,7.65858,-4.89936,0,0,0.258407,194
7.61262,7.65858,-4.89936,0,0,0.258407,194
7.23178,7.90986,-4.85462,0,0,0.0584073,863
7.23178,7.90986,-4.85462,0,0,0.0584073,863
7.09811,8.12787,-4.35311,0,0,0.0584073,187
7.09811,8.12787,-4.35311,0,0,0.0584073,187
7.00522,7.73894,-4.22693,0,0,0.0584073,243
7.00522,7.73894,-4.22693,0,0,0.0584073,243
7.06718,7.39984,-4.18967,0,0,0.0584073,254
7.06718,7.39984,-4.18967,0,0,0.0584073,254
7.1997,6.78438,-4.07848,0,0,0.0584073,259
7.1997,6.78438,-4.07848,0,0,0.0584073,259
6.97133,7.30401,-3.86608,0,0,0.0584073,251
6.97133,7.30401,-3.86608,0,0,0.0584073,251
7.18967,7.62756,-3.64967,0,0,0.0584073,258
7.18967,7.62756,-3.64967,0,0,0.0584073,258
6.67416,8.18043,-3.65057,0,0,0.0584073,185
6.67416,8.18043,-3.65057,0,0,0.0584073,185
6.36903,7.89282,-3.04675,0,0,0.0584073,1011
6.36903,7.89282,-3.04675,0,0,0.0584073,1011
6.22058,8.57292,-3.73618,0,0,0.258407,231
6.22058,8.57292,-3.73618,0,0,0.258407,231
6.34111,8.41746,-4.0071,0,0,0.258407,287
6.34111,8.41746,-4.0071,0,0,0.258407,287
6.73139,8.4882,-4.12956,0,0,0.258407,168
6.73139,8.4882,-4.12956,0,0,0.258407,168
6.55595,8.29023,-4.45404,0,0,0.258407,850
6.55595,8.29023,-4.45404,0,0,0.258407,850
6.18544,8.31194,-4.76349,0,0,0.258407,848
6.18544,8.31194,-4.76349,0,0,0.258407,848
6.00048,8.63133,-4.36924,0,0,0.258407,822
6.00048,8.63133,-4.36924,0,0,0.258407,822
6.31573,8.63396,-4.35235,0,0,0.0584073,253
6.31573,8.63396,-4.35235,0,0,0.0584073,253
6.39055,8.45295,-4.57224,0,0,0.0584073,820
6.39055,8.45295,-4.57224,0,0,0.0584073,820
6.52617,8.25547,-4.6289,0,0,0.0584073,186
6.52617,8.25547,-4.6289,0,0,0.0584073,186
6.39943,8.16868,-5.18856,0,0,0.0584073,304
6.39943,8.16868,-5.18856,0,0,0.0584073,304
6.29917,8.15627,-5.2568,0,0,-0.141593,831
6.29917,8.15627,-5.2568,0,0,-0.141593,831
6.29755,7.99144,-4.98563,0,0,-0.141593,862
6.29755,7.99144,-4.98563,0,0,-0.141593,862
6.81918,8.22284,-4.90709,0,0,-0.141593,250
6.81918,8.22284,-4.90709,0,0,-0.141593,250
7.06794,8.37706,-4.97856,0,0,-0.141593,240
7.06794,8.37706,-4.97856,0,0,-0.141593,240
7.61134,8.14626,-5.43002,0,0,-0.141593,184
7.61134,8.14626,-5.43002,0,0,-0.141593,184
7.53616,8.01146,-4.65599,0,0,-0.341593,198
7.53616,8.01146,-4.65599,0,0,-0.341593,198
7.44914,8.03967,-4.78356,0,0,-0.341593,192
7.44914,8.03967,-4.78356,0,0,-0.341593,192
7.05406,8.04978,-5.19166,0,0,-0.341593,257
7.05406,8.04978,-5.19166,0,0,-0.341593,257
7.06035,8.17186,-5.28115,0,0,-0.341593,238
7.06035,8.17186,-5.28115,0,0,-0.341593,238
6.9036,8.37292,-5.21177,0,0,-0.341593,193
6.9036,8.37292,-5.21177,0,0,-0.341593,193
6.84779,8.36506,-5.09236,0,0,-0.341593,237
6.84779,8.36506,-5.09236,0,0,-0.341593,237
6.66714,8.39125,-5.01607,0,0,-0.341593,191
6.66714,8.39125,-5.01607,0,0,-0.341593,191
7.22509,9.19269,-4.87984,0,0,-0.141593,256
7.22509,9.19269,-4.87984,0,0,-0.141593,256
7.05991,8.97745,-4.57223,0,0,-0.141593,189
7.05991,8.97745,-4.57223,0,0,-0.141593,189
6.67536,8.45826,-4.30048,0,0,-0.141593,239
6.67536,8.45826,-4.30048,0,0,-0.141593,239
6.89105,8.58992,-3.91044,0,0,-0.141593,285
6.89105,8.58992,-3.91044,0,0,-0.141593,285
6.6568,8.48493,-3.73368,0,0,-0.141593,297
6.6568,8.48493,-3.73368,0,0,-0.141593,297
7.28564,9.36765,-3.00934,0,0,-0.341593,1014
7.28564,9.36765,-3.00934,0,0,-0.341593,1014
7.41201,9.49329,-3.12571,0,0,-0.341593,249
7.41201,9.49329,-3.12571,0,0,-0.341593,249
6.80535,8.57148,-3.83901,0,0,-0.341593,283
6.80535,8.57148,-3.83901,0,0,-0.341593,283
6.50096,7.97398,-4.28776,0,0,-0.341593,260
6.50096,7.97398,-4.28776,0,0,-0.341593,260
6.17528,7.43004,-3.89276,0,0,-0.541593,261
6.17528,7.43004,-3.89276,0,0,-0.541593,261
6.54908,7.03303,-3.28148,0,0,-0.341593,252
6.54908,7.03303,-3.28148,0,0,-0.341593,252
7.03632,7.89157,-3.34408,0,0,-0.341593,980
7.03632,7.89157,-3.34408,0,0,-0.341593,980
7.02184,7.90421,-3.87124,0,0,-0.341593,281
7.02184,7.90421,-3.87124,0,0,-0.341593,281
7.34859,7.94622,-4.53885,0,0,-0.541593,199
7.34859,7.94622,-4.53885,0,0,-0.541593,199
7.26453,8.55684,-4.72921,0,0,-0.541593,200
7.26453,8.55684,-4.72921,0,0,-0.541593,200
7.4416,7.82471,-4.69057,0,0,-0.741593,206
7.4416,7.82471,-4.69057,0,0,-0.741593,206
7.4374,8.0022,-5.0743,0,0,-0.741593,188
7.4374,8.0022,-5.0743,0,0,-0.741593,188
7.46961,8.10291,-5.35795,0,0,-0.741593,242
7.46961,8.10291,-5.35795,0,0,-0.741593,242
6.87225,8.08129,-6.48362,0,0,-0.541593,180
6.87225,8.08129,-6.48362,0,0,-0.541593,180
6.71358,8.21744,-6.76239,0,0,-0.541593,201
6.71358,8.21744,-6.76239,0,0,-0.541593,201
6.7674,8.29497,-6.80247,0,0,-0.541593,178
6.7674,8.29497,-6.80247,0,0,-0.541593,178
7.23244,7.4402,-7.07516,0,0,-0.341593,182
7.23244,7.4402,-7.07516,0,0,-0.341593,182
7.32204,6.87054,-6.03996,0,0,-0.741593,268
7.32204,6.87054,-6.03996,0,0,-0.741593,268
7.16329,6.81952,-6.87965,0,0,-0.941593,310
7.16329,6.81952,-6.87965,0,0,-0.941593,310
7.28097,7.12409,-6.88056,0,0,-1.14159,302
7.28097,7.12409,-6.88056,0,0,-1.14159,302
7.18453,6.66088,-6.97019,0,0,-1.14159,309
7.18453,6.66088,-6.97019,0,0,-1.14159,309
6.92307,6.69043,-6.63689,0,0,-1.34159,229
6.92307,6.69043,-6.63689,0,0,-1.34159,229
6.66655,7.55563,-6.46325,0,0,-1.34159,219
6.66655,7.55563,-6.46325,0,0,-1.34159,219
7.01327,7.97037,-6.82199,0,0,-1.34159,169
7.01327,7.97037,-6.82199,0,0,-1.34159,169
7.19103,8.01851,-6.81743,0,0,-1.54159,216
7.19103,8.01851,-6.81743,0,0,-1.54159,216
6.66759,7.83389,-6.49731,0,0,-1.74159,209
6.66759,7.83389,-6.49731,0,0,-1.74159,209
6.92819,7.90934,-6.6626,0,0,-2.14159,317
6.92819,7.90934,-6.6626,0,0,-2.14159,317
7.50733,7.34631,-5.2555,0,0,-1.94159,269
7.50733,7.34631,-5.2555,0,0,-1.94159,269
7.48892,7.74816,-4.45241,0,0,-1.74159,280
7.48892,7.74816,-4.45241,0,0,-1.74159,280
7.16831,7.6029,-4.15851,0,0,-1.74159,301
7.16831,7.6029,-4.15851,0,0,-1.74159,301
6.59488,7.83952,-4.1444,0,0,-1.94159,276
6.59488,7.83952,-4.1444,0,0,-1.94159,276
6.80421,8.16587,-4.29315,0,0,-1.94159,234
6.80421,8.16587,-4.29315,0,0,-1.94159,234
6.62353,8.57908,-4.31042,0,0,-1.94159,324
6.62353,8.57908,-4.31042,0,0,-1.94159,324
7.08765,8.5944,-4.24305,0,0,-1.94159,228
7.08765,8.5944,-4.24305,0,0,-1.94159,228
7.1932,8.84326,-4.03421,0,0,-1.94159,306
7.1932,8.84326,-4.03421,0,0,-1.94159,306
7.24127,8.57183,-3.14132,0,0,-1.94159,1017
7.24127,8.57183,-3.14132,0,0,-1.94159,1017
6.74207,8.5428,-4.05432,0,0,-1.74159,217
6.74207,8.5428,-4.05432,0,0,-1.74159,217
7.19634,8.33606,-4.42734,0,0,-1.74159,299
7.19634,8.33606,-4.42734,0,0,-1.74159,299
7.25433,8.5986,-4.13589,0,0,-1.74159,294
7.25433,8.5986,-4.13589,0,0,-1.74159,294
7.65722,9.05323,-4.16632,0,0,-1.74159,307
7.65722,9.05323,-4.16632,0,0,-1.74159,307
8.34572,8.82384,-4.22403,0,0,-1.94159,289
8.34572,8.82384,-4.22403,0,0,-1.94159,289
8.20548,8.91811,-5.67179,0,0,-1.54159,282
8.20548,8.91811,-5.67179,0,0,-1.54159,282
7.87849,9.1268,-4.19557,0,0,-1.54159,241
7.87849,9.1268,-4.19557,0,0,-1.54159,241
7.97778,8.35003,-4.0594,0,0,-1.54159,305
7.97778,8.35003,-4.0594,0,0,-1.54159,305
7.59294,8.50863,-4.43068,0,0,-1.54159,288
7.59294,8.50863,-4.43068,0,0,-1.54159,288
7.30929,8.6121,-3.85481,0,0,-1.54159,284
7.30929,8.6121,-3.85481,0,0,-1.54159,284
7.03497,8.31502,-3.88223,0,0,-1.54159,290
7.03497,8.31502,-3.88223,0,0,-1.54159,290
7.13087,8.36819,-4.17855,0,0,-1.54159,295
7.13087,8.36819,-4.17855,0,0,-1.54159,295
6.9358,7.76477,-4.1361,0,0,-1.34159,279
6.9358,7.76477,-4.1361,0,0,-1.34159,279
6.34888,7.4166,-3.88207,0,0,-1.34159,340
6.34888,7.4166,-3.88207,0,0,-1.34159,340
6.73743,6.76226,-3.9975,0,0,-1.34159,274
6.73743,6.76226,-3.9975,0,0,-1.34159,274
7.29154,6.9831,-4.56517,0,0,-1.54159,264
7.29154,6.9831,-4.56517,0,0,-1.54159,264
7.89841,6.57199,-5.07242,0,0,-1.54159,286
7.89841,6.57199,-5.07242,0,0,-1.54159,286
7.93838,6.30541,-4.94564,0,0,-1.54159,278
7.93838,6.30541,-4.94564,0,0,-1.54159,278
7.53247,6.43376,-4.88175,0,0,-1.34159,277
7.53247,6.43376,-4.88175,0,0,-1.34159,277
7.5573,6.28208,-4.92357,0,0,-1.34159,266
7.5573,6.28208,-4.92357,0,0,-1.34159,266
7.44785,5.63665,-5.01021,0,0,-1.34159,270
7.44785,5.63665,-5.01021,0,0,-1.34159,270
7.57311,5.37999,-5.75342,0,0,-1.34159,329
7.57311,5.37999,-5.75342,0,0,-1.34159,329
7.52224,6.00325,-6.25647,0,0,-1.34159,271
7.52224,6.00325,-6.25647,0,0,-1.34159,271
7.8421,5.56083,-6.61408,0,0,-1.54159,323
7.8421,5.56083,-6.61408,0,0,-1.54159,323
7.98705,5.69494,-7.97424,0,0,-1.34159,214
7.98705,5.69494,-7.97424,0,0,-1.34159,214
7.84049,5.78482,-8.13769,0,0,-1.14159,213
7.84049,5.78482,-8.13769,0,0,-1.14159,213
8.0554,5.41237,-8.09304,0,0,-1.14159,235
8.0554,5.41237,-8.09304,0,0,-1.14159,235
7.91983,5.28249,-7.33909,0,0,-0.941593,325
7.91983,5.28249,-7.33909,0,0,-0.941593,325
7.65097,5.3306,-7.37947,0,0,-0.741593,330
7.65097,5.3306,-7.37947,0,0,-0.741593,330
7.63568,4.69303,-7.2587,0,0,-0.541593,326
7.63568,4.69303,-7.2587,0,0,-0.541593,326
7.38396,5.2093,-6.91405,0,0,-0.341593,321
7.38396,5.2093,-6.91405,0,0,-0.341593,321
7.89002,5.61455,-7.10526,0,0,-0.341593,298
7.89002,5.61455,-7.10526,0,0,-0.341593,298
7.79571,4.93672,-7.66943,0,0,-0.341593,322
7.79571,4.93672,-7.66943,0,0,-0.341593,322
7.76258,5.20859,-8.36135,0,0,-0.541593,162
7.76258,5.20859,-8.36135,0,0,-0.541593,162
7.6636,5.5161,-8.22671,0,0,-0.541593,171
7.6636,5.5161,-8.22671,0,0,-0.541593,171
7.95291,5.93658,-7.92587,0,0,-0.541593,311
7.95291,5.93658,-7.92587,0,0,-0.541593,311
7.70877,5.35054,-8.08676,0,0,-0.741593,207
7.70877,5.35054,-8.08676,0,0,-0.741593,207
7.03839,5.6151,-8.37274,0,0,-0.741593,227
7.03839,5.6151,-8.37274,0,0,-0.741593,227
6.80925,5.16727,-8.45121,0,0,-0.741593,164
6.80925,5.16727,-8.45121,0,0,-0.741593,164
6.20913,4.8033,-8.64066,0,0,-0.541593,504
6.20913,4.8033,-8.64066,0,0,-0.541593,504
7.19489,5.29246,-9.20511,0,0,-0.341593,498
7.19489,5.29246,-9.20511,0,0,-0.341593,498
7.43357,6.71533,-8.78575,0,0,-0.341593,366
7.43357,6.71533,-8.78575,0,0,-0.341593,366
7.69408,6.71407,-8.77484,0,0,-0.741593,212
7.69408,6.71407,-8.77484,0,0,-0.741593,212
6.46489,6.82899,-8.68942,0,0,-0.941593,391
6.46489,6.82899,-8.68942,0,0,-0.941593,391
5.50893,7.20717,-9.11972,0,0,-0.941593,404
5.50893,7.20717,-9.11972,0,0,-0.941593,404
5.6508,8.07413,-9.1891,0,0,-0.941593,359
5.6508,8.07413,-9.1891,0,0,-0.941593,359
6,6.43638,-9.05598,0,0,-0.541593,233
6,6.43638,-9.05598,0,0,-0.541593,233
4.40537,5.98992,-8.73053,0,0,-0.741593,394
4.40537,5.98992,-8.73053,0,0,-0.741593,394
4.27141,6.05886,-7.98545,0,0,-1.14159,364
4.27141,6.05886,-7.98545,0,0,-1.14159,364
6,5.93686,-8.04741,0,0,-1.14159,225
6,5.93686,-8.04741,0,0,-1.14159,225
6.53159,5.01077,-8.79959,0,0,-1.34159,540
6.53159,5.01077,-8.79959,0,0,-1.34159,540
6.9497,4.44753,-8.54459,0,0,-1.54159,552
6.9497,4.44753,-8.54459,0,0,-1.54159,552
6.41996,4.46908,-8.48727,0,0,-1.54159,339
6.41996,4.46908,-8.48727,0,0,-1.54159,339
5.77893,3.84958,-9.11315,0,0,-1.74159,517
5.77893,3.84958,-9.11315,0,0,-1.74159,517
6.10681,3.50814,-8.99748,0,0,-1.54159,472
6.10681,3.50814,-8.99748,0,0,-1.54159,472
6.78741,3.73603,-8.91257,0,0,-1.34159,565
6.78741,3.73603,-8.91257,0,0,-1.34159,565
6.4446,3.38102,-8.95801,0,0,-1.34159,566
6.4446,3.38102,-8.95801,0,0,-1.34159,566
6.85511,3.57034,-8.61754,0,0,-1.14159,578
6.85511,3.57034,-8.61754,0,0,-1.14159,578
6.63042,3.38997,-8.28971,0,0,-0.941593,575
6.63042,3.38997,-8.28971,0,0,-0.941593,575
6.6186,3.47824,-8.42925,0,0,-0.941593,91
6.6186,3.47824,-8.42925,0,0,-0.941593,91
6.51125,3.55193,-8.58912,0,0,-0.941593,95
6.51125,3.55193,-8.58912,0,0,-0.941593,95
6.07317,3.55903,-8.90132,0,0,-1.14159,529
6.07317,3.55903,-8.90132,0,0,-1.14159,529
5.02555,3.61697,-8.90278,0,0,-1.14159,530
5.02555,3.61697,-8.90278,0,0,-1.14159,530
4.85376,3.47743,-9.03802,0,0,-0.941593,130
4.85376,3.47743,-9.03802,0,0,-0.941593,130
5.10654,3.62958,-9.18196,0,0,-0.941593,528
5.10654,3.62958,-9.18196,0,0,-0.941593,528
5.02893,3.8344,-9.05027,0,0,-0.941593,534
5.02893,3.8344,-9.05027,0,0,-0.941593,534
5.27272,3.62328,-9.17476,0,0,-0.741593,576
5.27272,3.62328,-9.17476,0,0,-0.741593,576
4.71264,3.51124,-9.02538,0,0,-0.741593,532
4.71264,3.51124,-9.02538,0,0,-0.741593,532
4.6153,3.68119,-9.09493,0,0,-0.741593,88
4.6153,3.68119,-9.09493,0,0,-0.741593,88
4.31661,3.56879,-9.03783,0,0,-0.741593,531
4.31661,3.56879,-9.03783,0,0,-0.741593,531
4.27918,3.43314,-9.06126,0,0,-0.741593,129
4.27918,3.43314,-9.06126,0,0,-0.741593,129
4.00533,3.66709,-9.06599,0,0,-0.941593,473
4.00533,3.66709,-9.06599,0,0,-0.941593,473
3.45886,3.55429,-8.68472,0,0,-0.741593,476
3.45886,3.55429,-8.68472,0,0,-0.741593,476
3.92859,3.63587,-8.95747,0,0,-0.541593,153
3.92859,3.63587,-8.95747,0,0,-0.541593,153
4.3124,3.39792,-8.29012,0,0,-0.141593,93
4.3124,3.39792,-8.29012,0,0,-0.141593,93
2.88414,4.09464,-8.52908,0,0,0.258407,514
2.88414,4.09464,-8.52908,0,0,0.258407,514
4.55065,3.6393,-8.2461,0,0,0.458407,506
4.55065,3.6393,-8.2461,0,0,0.458407,506
5.20823,4.47539,-8.38949,0,0,0.458407,500
5.20823,4.47539,-8.38949,0,0,0.458407,500
6.20381,4.3063,-9.51163,0,0,0.658407,499
6.20381,4.3063,-9.51163,0,0,0.658407,499
6.37927,3.98354,-9.11974,0,0,0.658407,542
6.37927,3.98354,-9.11974,0,0,0.658407,542
6.2684,4.07884,-8.92522,0,0,0.658407,541
6.2684,4.07884,-8.92522,0,0,0.658407,541
5.99395,3.94928,-8.0991,0,0,0.658407,543
5.99395,3.94928,-8.0991,0,0,0.658407,543
5.75048,3.94328,-8.151,0,0,0.658407,551
5.75048,3.94328,-8.151,0,0,0.658407,551
6.11536,3.22313,-8.07358,0,0,0.458407,547
6.11536,3.22313,-8.07358,0,0,0.458407,547
8.12552,1.88598,-7.12489,0,0,0.658407,548
8.12552,1.88598,-7.12489,0,0,0.658407,548
7.56474,4.34656,-6.62897,0,0,0.458407,315
7.56474,4.34656,-6.62897,0,0,0.458407,315
7.88421,4.67689,-7.71096,0,0,0.258407,345
7.88421,4.67689,-7.71096,0,0,0.258407,345
7.8544,4.68658,-7.87007,0,0,0.0584073,347
7.8544,4.68658,-7.87007,0,0,0.0584073,347
7.63915,5.00284,-7.60782,0,0,0.0584073,335
7.63915,5.00284,-7.60782,0,0,0.0584073,335
7.35304,5.08191,-7.69455,0,0,0.0584073,336
7.35304,5.08191,-7.69455,0,0,0.0584073,336
7.6161,5.16758,-8.02637,0,0,0.0584073,221
7.6161,5.16758,-8.02637,0,0,0.0584073,221
8.22828,5.80739,-8.59956,0,0,0.0584073,224
8.22828,5.80739,-8.59956,0,0,0.0584073,224
7.82297,5.71537,-8.46287,0,0,0.258407,210
7.82297,5.71537,-8.46287,0,0,0.258407,210
7.62604,5.60386,-8.72098,0,0,0.258407,232
7.62604,5.60386,-8.72098,0,0,0.258407,232
7.05505,5.79814,-8.53471,0,0,0.458407,175
7.05505,5.79814,-8.53471,0,0,0.458407,175
6.91701,5.63215,-8.31757,0,0,0.458407,375
6.91701,5.63215,-8.31757,0,0,0.458407,375
6.57394,5.86593,-8.44373,0,0,0.458407,230
6.57394,5.86593,-8.44373,0,0,0.458407,230
5.41695,5.93032,-8.47467,0,0,0.658407,412
5.41695,5.93032,-8.47467,0,0,0.658407,412
5.02989,6.25938,-7.82666,0,0,0.658407,373
5.02989,6.25938,-7.82666,0,0,0.658407,373
3.5313,6.35312,-8.08669,0,0,0.858407,414
3.5313,6.35312,-8.08669,0,0,0.858407,414
3.09388,6.70662,-8.53348,0,0,0.858407,416
3.09388,6.70662,-8.53348,0,0,0.858407,416
3.81818,6.20425,-8.42832,0,0,0.658407,417
3.81818,6.20425,-8.42832,0,0,0.658407,417
4.05242,5.2348,-8.64911,0,0,0.858407,458
4.05242,5.2348,-8.64911,0,0,0.858407,458
5.49028,5.37673,-8.56655,0,0,1.05841,457
5.49028,5.37673,-8.56655,0,0,1.05841,457
5.64245,5.40045,-8.48459,0,0,1.05841,421
5.64245,5.40045,-8.48459,0,0,1.05841,421
4.61429,5.96764,-8.35486,0,0,1.45841,384
4.61429,5.96764,-8.35486,0,0,1.45841,384
4.6404,6.93877,-8.21755,0,0,1.25841,410
4.6404,6.93877,-8.21755,0,0,1.25841,410
4.20054,7.24073,-8.18134,0,0,1.25841,409
4.20054,7.24073,-8.18134,0,0,1.25841,409
4.33572,7.56956,-7.83585,0,0,1.25841,407
4.33572,7.56956,-7.83585,0,0,1.25841,407
4.88217,7.67013,-8.67229,0,0,1.25841,351
4.88217,7.67013,-8.67229,0,0,1.25841,351
5.25025,7.02214,-8.40776,0,0,1.45841,354
5.25025,7.02214,-8.40776,0,0,1.45841,354
5.46985,7.63894,-8.45004,0,0,1.65841,406
5.46985,7.63894,-8.45004,0,0,1.65841,406
5.1819,7.16893,-8.31579,0,0,1.85841,408
5.1819,7.16893,-8.31579,0,0,1.85841,408
5.28277,6.86084,-8.63603,0,0,2.05841,440
5.28277,6.86084,-8.63603,0,0,2.05841,440
5.17549,6.13454,-8.78706,0,0,2.05841,462
5.17549,6.13454,-8.78706,0,0,2.05841,462
5.67621,6.10664,-8.68579,0,0,2.05841,422
5.67621,6.10664,-8.68579,0,0,2.05841,422
6.16728,5.90672,-8.09678,0,0,1.85841,401
6.16728,5.90672,-8.09678,0,0,1.85841,401
6.07634,4.81165,-9.08562,0,0,2.25841,396
6.07634,4.81165,-9.08562,0,0,2.25841,396
5.01971,3.66126,-9.00511,0,0,1.85841,486
5.01971,3.66126,-9.00511,0,0,1.85841,486
5.092,3.7,-8.87259,0,0,1.65841,483
5.092,3.7,-8.87259,0,0,1.65841,483
6.04232,2.7686,-9.39314,0,0,1.65841,515
6.04232,2.7686,-9.39314,0,0,1.65841,515
4.91725,2.3502,-9.25018,0,0,1.65841,521
4.91725,2.3502,-9.25018,0,0,1.65841,521
3.79705,2.95412,-8.46835,0,0,1.65841,511
3.79705,2.95412,-8.46835,0,0,1.65841,511
3.78145,3.39134,-8.65011,0,0,1.65841,482
3.78145,3.39134,-8.65011,0,0,1.65841,482
3.93415,3.40497,-8.57518,0,0,1.65841,489
3.93415,3.40497,-8.57518,0,0,1.65841,489
3.92868,3.25267,-8.53378,0,0,1.85841,493
3.92868,3.25267,-8.53378,0,0,1.85841,493
3.16995,3.15043,-8.40293,0,0,1.85841,488
3.16995,3.15043,-8.40293,0,0,1.85841,488
2.98192,3.24197,-8.07369,0,0,2.05841,487
2.98192,3.24197,-8.07369,0,0,2.05841,487
3.05196,3.05851,-8.59795,0,0,2.05841,484
3.05196,3.05851,-8.59795,0,0,2.05841,484
3.90325,2.70013,-8.83762,0,0,2.25841,508
3.90325,2.70013,-8.83762,0,0,2.25841,508
3.4495,3.24041,-8.73705,0,0,2.25841,480
3.4495,3.24041,-8.73705,0,0,2.25841,480
3.72925,3.65283,-8.8323,0,0,2.25841,491
3.72925,3.65283,-8.8323,0,0,2.25841,491
3.87942,3.65125,-8.76161,0,0,2.25841,492
3.87942,3.65125,-8.76161,0,0,2.25841,492
3.71584,3.5519,-8.15741,0,0,2.25841,510
3.71584,3.5519,-8.15741,0,0,2.25841,510
3.34137,4.20481,-8.20849,0,0,2.45841,715
3.34137,4.20481,-8.20849,0,0,2.45841,715
3.62358,4.19846,-7.99506,0,0,2.45841,740
3.62358,4.19846,-7.99506,0,0,2.45841,740
4.14383,3.45706,-8.14315,0,0,2.65841,520
4.14383,3.45706,-8.14315,0,0,2.65841,520
3.77288,3.3563,-8.50529,0,0,2.85841,465
3.77288,3.3563,-8.50529,0,0,2.85841,465
3.23281,2.80709,-8.11432,0,0,2.65841,470
3.23281,2.80709,-8.11432,0,0,2.65841,470
3.0224,2.1034,-8.32631,0,0,2.85841,479
3.0224,2.1034,-8.32631,0,0,2.85841,479
3.00679,2.84254,-8.03827,0,0,3.05841,469
3.00679,2.84254,-8.03827,0,0,3.05841,469
3.25758,2.48054,-6.98097,0,0,2.85841,466
3.25758,2.48054,-6.98097,0,0,2.85841,466
2.94254,0.507329,-7.12883,0,0,2.65841,467
2.94254,0.507329,-7.12883,0,0,2.65841,467
3.43541,0.114796,-6.84814,0,0,2.45841,777
3.43541,0.114796,-6.84814,0,0,2.45841,777
4.31305,1.03652,-6.37194,0,0,2.85841,123
4.31305,1.03652,-6.37194,0,0,2.85841,123
4.86561,2.30751,-7.65965,0,0,3.05841,478
4.86561,2.30751,-7.65965,0,0,3.05841,478
8.57569,3.30622,-6.72719,0,0,3.05841,46
8.57569,3.30622,-6.72719,0,0,3.05841,46
7.71858,5.36572,-10,0,0,3.05841,370
7.71858,5.36572,-10,0,0,3.05841,370
6.68873,5.5646,-8.35888,0,0,2.65841,385
6.68873,5.5646,-8.35888,0,0,2.65841,385
6.49721,7.05458,-7.75256,0,0,2.85841,386
6.49721,7.05458,-7.75256,0,0,2.85841,386
6.7069,7.0797,-8.234,0,0,2.85841,443
6.7069,7.0797,-8.234,0,0,2.85841,443
6.8651,7.25758,-8.3512,0,0,2.85841,380
6.8651,7.25758,-8.3512,0,0,2.85841,380
7.25079,6.91738,-8.8732,0,0,2.45841,413
7.25079,6.91738,-8.8732,0,0,2.45841,413
7.05217,6.70037,-8.69982,0,0,2.45841,418
7.05217,6.70037,-8.69982,0,0,2.45841,418
6.29548,6.15764,-10,0,0,2.45841,485
6.29548,6.15764,-10,0,0,2.45841,485
5.97314,6.6597,-9.05314,0,0,2.45841,390
5.97314,6.6597,-9.05314,0,0,2.45841,390
5.79492,6.00942,-8.67165,0,0,2.45841,376
5.79492,6.00942,-8.67165,0,0,2.45841,376
5.98744,5.92769,-8.156,0,0,2.25841,387
5.98744,5.92769,-8.156,0,0,2.25841,387
5.50755,6.58174,-7.79534,0,0,2.45841,448
5.50755,6.58174,-7.79534,0,0,2.45841,448
5.54008,6.83851,-7.89541,0,0,2.45841,441
5.54008,6.83851,-7.89541,0,0,2.45841,441
5.30554,7.26284,-8.12078,0,0,2.25841,449
5.30554,7.26284,-8.12078,0,0,2.25841,449
5.05234,7.31386,-8.02192,0,0,2.25841,439
5.05234,7.31386,-8.02192,0,0,2.25841,439
5.53576,7.59617,-8.12509,0,0,2.45841,411
5.53576,7.59617,-8.12509,0,0,2.45841,411
5.85108,7.25078,-7.6184,0,0,2.45841,426
5.85108,7.25078,-7.6184,0,0,2.45841,426
6.52746,7.45182,-7.97686,0,0,2.45841,428
6.52746,7.45182,-7.97686,0,0,2.45841,428
6.57476,7.59479,-8.08519,0,0,2.25841,445
6.57476,7.59479,-8.08519,0,0,2.25841,445
7.55045,7.63684,-7.11405,0,0,2.05841,839
7.55045,7.63684,-7.11405,0,0,2.05841,839
6.66654,6.93785,-8.3988,0,0,1.85841,450
6.66654,6.93785,-8.3988,0,0,1.85841,450
6.88758,6.8787,-8.63015,0,0,2.05841,361
6.88758,6.8787,-8.63015,0,0,2.05841,361
7.07756,6.76879,-9.17427,0,0,1.85841,362
7.07756,6.76879,-9.17427,0,0,1.85841,362
6.70103,7.58698,-9.24356,0,0,1.65841,353
6.70103,7.58698,-9.24356,0,0,1.65841,353
6.45553,7.35659,-8.33566,0,0,1.65841,463
6.45553,7.35659,-8.33566,0,0,1.65841,463
6.69258,6.85798,-8.52205,0,0,1.45841,357
6.69258,6.85798,-8.52205,0,0,1.45841,357
6.59071,6.98303,-8.57176,0,0,1.45841,360
6.59071,6.98303,-8.57176,0,0,1.45841,360
6.47195,6.88208,-8.60595,0,0,1.45841,352
6.47195,6.88208,-8.60595,0,0,1.45841,352
6.61253,7.25962,-8.73428,0,0,1.25841,355
6.61253,7.25962,-8.73428,0,0,1.25841,355
6.86874,7.0522,-8.43403,0,0,1.25841,356
6.86874,7.0522,-8.43403,0,0,1.25841,356
7.09875,6.94799,-8.28716,0,0,1.25841,358
7.09875,6.94799,-8.28716,0,0,1.25841,358
7.81235,5.00467,-7.38627,0,0,1.65841,173
7.81235,5.00467,-7.38627,0,0,1.65841,173
7.73329,4.99653,-7.85124,0,0,1.65841,172
7.73329,4.99653,-7.85124,0,0,1.65841,172
7.65588,5.58259,-8.55816,0,0,1.65841,365
7.65588,5.58259,-8.55816,0,0,1.65841,365
8.23977,5.20243,-8.8265,0,0,1.45841,363
8.23977,5.20243,-8.8265,0,0,1.45841,363
7.13006,4.90441,-7.77533,0,0,1.05841,215
7.13006,4.90441,-7.77533,0,0,1.05841,215
6.77278,5.66566,-8.63297,0,0,1.05841,183
6.77278,5.66566,-8.63297,0,0,1.05841,183
7.00489,6.61071,-8.69746,0,0,0.858407,165
7.00489,6.61071,-8.69746,0,0,0.858407,165
6.77724,6.71109,-8.20657,0,0,0.858407,179
6.77724,6.71109,-8.20657,0,0,0.858407,179
7.0644,6.74661,-8.12936,0,0,0.858407,167
7.0644,6.74661,-8.12936,0,0,0.858407,167
7.27099,6.99519,-8.71676,0,0,0.658407,208
7.27099,6.99519,-8.71676,0,0,0.658407,208
6.78166,7.18569,-8.54211,0,0,0.458407,368
6.78166,7.18569,-8.54211,0,0,0.458407,368
6.85996,6.44683,-8.19866,0,0,0.0584073,226
6.85996,6.44683,-8.19866,0,0,0.0584073,226
6.60055,6.34379,-8.28026,0,0,0.0584073,313
6.60055,6.34379,-8.28026,0,0,0.0584073,313
6.55796,6.41555,-8.41714,0,0,0.0584073,223
6.55796,6.41555,-8.41714,0,0,0.0584073,223
6.6446,5.99497,-8.68156,0,0,0.0584073,181
6.6446,5.99497,-8.68156,0,0,0.0584073,181
5.28635,5.7199,-9.40438,0,0,-0.141593,372
5.28635,5.7199,-9.40438,0,0,-0.141593,372
4.37371,6.89616,-7.33887,0,0,0.0584073,402
4.37371,6.89616,-7.33887,0,0,0.0584073,402
3.83366,7.09426,-7.18712,0,0,0.458407,398
3.83366,7.09426,-7.18712,0,0,0.458407,398
3.31573,7.84112,-6.82627,0,0,0.658407,447
3.31573,7.84112,-6.82627,0,0,0.658407,447
3.99978,7.74575,-7.50883,0,0,0.858407,399
3.99978,7.74575,-7.50883,0,0,0.858407,399
4.03887,7.66296,-7.45111,0,0,1.05841,393
4.03887,7.66296,-7.45111,0,0,1.05841,393
3.56426,7.87665,-6.86875,0,0,1.25841,419
3.56426,7.87665,-6.86875,0,0,1.25841,419
3.24542,7.58691,-7.55357,0,0,1.45841,842
3.24542,7.58691,-7.55357,0,0,1.45841,842
3.42155,7.05151,-7.10182,0,0,1.45841,903
3.42155,7.05151,-7.10182,0,0,1.45841,903
3.5688,7.62809,-6.80388,0,0,1.45841,904
3.5688,7.62809,-6.80388,0,0,1.45841,904
3.48593,7.47688,-6.39014,0,0,1.45841,841
3.48593,7.47688,-6.39014,0,0,1.45841,841
3.02523,7.82972,-6.15601,0,0,1.45841,915
3.02523,7.82972,-6.15601,0,0,1.45841,915
2.97098,7.979,-6.06345,0,0,1.45841,900
2.97098,7.979,-6.06345,0,0,1.45841,900
2.77145,8.15165,-6.06729,0,0,1.45841,899
2.77145,8.15165,-6.06729,0,0,1.45841,899
2.77008,8.08119,-6.4919,0,0,1.25841,843
2.77008,8.08119,-6.4919,0,0,1.25841,843
2.8749,7.98636,-6.34901,0,0,1.25841,844
2.8749,7.98636,-6.34901,0,0,1.25841,844
2.92686,7.81146,-6.02519,0,0,1.25841,932
2.92686,7.81146,-6.02519,0,0,1.25841,932
2.60294,8.06177,-5.55885,0,0,1.25841,929
2.60294,8.06177,-5.55885,0,0,1.25841,929
2.33277,7.98002,-5.55769,0,0,1.25841,930
2.33277,7.98002,-5.55769,0,0,1.25841,930
2.57802,7.89907,-5.05565,0,0,1.25841,955
2.57802,7.89907,-5.05565,0,0,1.25841,955
2.91562,7.81306,-4.95973,0,0,1.25841,885
2.91562,7.81306,-4.95973,0,0,1.25841,885
3.70197,7.93589,-4.62421,0,0,1.05841,807
3.70197,7.93589,-4.62421,0,0,1.05841,807
3.47455,7.75861,-3.95111,0,0,1.05841,803
3.47455,7.75861,-3.95111,0,0,1.05841,803
2.90531,7.86366,-4.04792,0,0,1.05841,806
2.90531,7.86366,-4.04792,0,0,1.05841,806
2.90426,7.59354,-4.06027,0,0,1.05841,926
2.90426,7.59354,-4.06027,0,0,1.05841,926
2.55164,7.58061,-4.175,0,0,1.25841,894
2.55164,7.58061,-4.175,0,0,1.25841,894
1.7653,7.58758,-4.52725,0,0,1.05841,895
1.7653,7.58758,-4.52725,0,0,1.05841,895
1.31205,7.59319,-4.00652,0,0,1.25841,619
1.31205,7.59319,-4.00652,0,0,1.25841,619
1.55689,6.96157,-4.17544,0,0,1.25841,795
1.55689,6.96157,-4.17544,0,0,1.25841,795
1.83504,7.02186,-4.62092,0,0,1.25841,635
1.83504,7.02186,-4.62092,0,0,1.25841,635
2.13523,7.47884,-5.13802,0,0,1.45841,908
2.13523,7.47884,-5.13802,0,0,1.45841,908
2.23214,7.56247,-5.2268,0,0,1.45841,625
2.23214,7.56247,-5.2268,0,0,1.45841,625
2.43947,7.7175,-4.99884,0,0,1.45841,887
2.43947,7.7175,-4.99884,0,0,1.45841,887
2.20963,7.4037,-5.16962,0,0,1.65841,897
2.20963,7.4037,-5.16962,0,0,1.65841,897
2.1418,7.21782,-4.83757,0,0,1.65841,882
2.1418,7.21782,-4.83757,0,0,1.65841,882
2.62711,7.1468,-4.33608,0,0,1.65841,893
2.62711,7.1468,-4.33608,0,0,1.65841,893
2.87848,7.40377,-4.29495,0,0,1.65841,890
2.87848,7.40377,-4.29495,0,0,1.65841,890
3.14631,7.56636,-4.13458,0,0,1.65841,891
3.14631,7.56636,-4.13458,0,0,1.65841,891
2.74624,7.54982,-3.95903,0,0,1.65841,892
2.74624,7.54982,-3.95903,0,0,1.65841,892
2.99404,7.01845,-3.77181,0,0,1.85841,923
2.99404,7.01845,-3.77181,0,0,1.85841,923
2.97419,7.56396,-3.38328,0,0,1.85841,910
2.97419,7.56396,-3.38328,0,0,1.85841,910
3.61878,8.03939,-3.12952,0,0,1.65841,810
3.61878,8.03939,-3.12952,0,0,1.65841,810
4.06392,7.75169,-3.13656,0,0,1.65841,811
4.06392,7.75169,-3.13656,0,0,1.65841,811
3.51662,6.96578,-2.54601,0,0,1.65841,994
3.51662,6.96578,-2.54601,0,0,1.65841,994
3.17979,6.29671,-3.10743,0,0,1.65841,1028
3.17979,6.29671,-3.10743,0,0,1.65841,1028
2.3666,6.47753,-2.95571,0,0,1.85841,1027
2.3666,6.47753,-2.95571,0,0,1.85841,1027
2.26995,6.24345,-2.89188,0,0,1.65841,1029
2.26995,6.24345,-2.89188,0,0,1.65841,1029
2.55062,6.89543,-2.60505,0,0,1.65841,993
2.55062,6.89543,-2.60505,0,0,1.65841,993
2.62586,7.6997,-2.78777,0,0,1.45841,880
2.62586,7.6997,-2.78777,0,0,1.45841,880
2.27643,7.59943,-3.00723,0,0,1.45841,896
2.27643,7.59943,-3.00723,0,0,1.45841,896
1.58714,7.04776,-2.47722,0,0,1.65841,992
1.58714,7.04776,-2.47722,0,0,1.65841,992
1.24175,6.43338,-3.5243,0,0,1.45841,796
1.24175,6.43338,-3.5243,0,0,1.45841,796
1.56455,7.0333,-2.94635,0,0,1.25841,1030
1.56455,7.0333,-2.94635,0,0,1.25841,1030
1.86334,6.79931,-2.9976,0,0,1.05841,809
1.86334,6.79931,-2.9976,0,0,1.05841,809
2.92892,6.37024,-3.04772,0,0,1.05841,995
2.92892,6.37024,-3.04772,0,0,1.05841,995
3.03597,7.0707,-2.65175,0,0,1.25841,808
3.03597,7.0707,-2.65175,0,0,1.25841,808
3.45959,7.21273,-3.42352,0,0,1.05841,799
3.45959,7.21273,-3.42352,0,0,1.05841,799
3.20746,7.87152,-3.66001,0,0,0.858407,858
3.20746,7.87152,-3.66001,0,0,0.858407,858
2.89178,7.93379,-3.7322,0,0,0.658407,798
2.89178,7.93379,-3.7322,0,0,0.658407,798
3.33253,7.79618,-3.60072,0,0,0.658407,859
3.33253,7.79618,-3.60072,0,0,0.658407,859
3.23306,7.66867,-3.36554,0,0,0.658407,853
3.23306,7.66867,-3.36554,0,0,0.658407,853
3.64026,7.24603,-3.16542,0,0,0.658407,997
3.64026,7.24603,-3.16542,0,0,0.658407,997
2.83932,7.05807,-2.91796,0,0,0.658407,1031
2.83932,7.05807,-2.91796,0,0,0.658407,1031
2.73748,7.58123,-2.77247,0,0,0.658407,996
2.73748,7.58123,-2.77247,0,0,0.658407,996
2.36435,7.55219,-3.07037,0,0,0.658407,800
2.36435,7.55219,-3.07037,0,0,0.658407,800
1.98465,7.20057,-2.53253,0,0,0.658407,801
1.98465,7.20057,-2.53253,0,0,0.658407,801
2.20203,7.1168,-3.371,0,0,0.658407,854
2.20203,7.1168,-3.371,0,0,0.658407,854
2.46386,7.71989,-3.59125,0,0,0.858407,939
2.46386,7.71989,-3.59125,0,0,0.858407,939
2.40336,7.81493,-4.40492,0,0,0.858407,881
2.40336,7.81493,-4.40492,0,0,0.858407,881
3.01918,7.65584,-4.18927,0,0,0.858407,937
3.01918,7.65584,-4.18927,0,0,0.858407,937
3.79371,7.59448,-4.21479,0,0,0.658407,856
3.79371,7.59448,-4.21479,0,0,0.658407,856
3.93369,8.27643,-3.99041,0,0,0.658407,867
3.93369,8.27643,-3.99041,0,0,0.658407,867
4.40341,8.19671,-3.94886,0,0,0.658407,804
4.40341,8.19671,-3.94886,0,0,0.658407,804
4.55064,8.17908,-3.58293,0,0,0.658407,802
4.55064,8.17908,-3.58293,0,0,0.658407,802
4.67726,8.03967,-3.93414,0,0,0.458407,871
4.67726,8.03967,-3.93414,0,0,0.458407,871
4.77808,7.97728,-4.04765,0,0,0.458407,847
4.77808,7.97728,-4.04765,0,0,0.458407,847
5.20299,8.17182,-3.69993,0,0,0.458407,823
5.20299,8.17182,-3.69993,0,0,0.458407,823
5.27572,8.22811,-3.76835,0,0,0.458407,821
5.27572,8.22811,-3.76835,0,0,0.458407,821
5.74445,8.13058,-3.90399,0,0,0.458407,832
5.74445,8.13058,-3.90399,0,0,0.458407,832
5.92439,8.06141,-3.74112,0,0,0.458407,849
5.92439,8.06141,-3.74112,0,0,0.458407,849
5.55155,7.7545,-3.70497,0,0,0.458407,828
5.55155,7.7545,-3.70497,0,0,0.458407,828
5.5943,8.11235,-4.21775,0,0,0.258407,865
5.5943,8.11235,-4.21775,0,0,0.258407,865
4.8908,8.0961,-4.01217,0,0,0.258407,845
4.8908,8.0961,-4.01217,0,0,0.258407,845
4.85941,8.1801,-3.93374,0,0,0.258407,846
4.85941,8.1801,-3.93374,0,0,0.258407,846
4.82275,8.1462,-3.86884,0,0,0.0584073,870
4.82275,8.1462,-3.86884,0,0,0.0584073,870
3.60042,6.79258,-3.39366,0,0,0.0584073,999
3.60042,6.79258,-3.39366,0,0,0.0584073,999
2.74154,7.71228,-3.08634,0,0,0.0584073,814
2.74154,7.71228,-3.08634,0,0,0.0584073,814
3.33074,7.98153,-3.49609,0,0,0.0584073,1033
3.33074,7.98153,-3.49609,0,0,0.0584073,1033
3.15792,7.78816,-3.98356,0,0,0.0584073,857
3.15792,7.78816,-3.98356,0,0,0.0584073,857
2.36431,7.81752,-4.34843,0,0,-0.141593,958
2.36431,7.81752,-4.34843,0,0,-0.141593,958
2.66762,7.70129,-4.69197,0,0,-0.141593,950
2.66762,7.70129,-4.69197,0,0,-0.141593,950
2.86866,7.56409,-4.97395,0,0,-0.141593,901
2.86866,7.56409,-4.97395,0,0,-0.141593,901
2.13118,7.8055,-4.47407,0,0,0.0584073,925
2.13118,7.8055,-4.47407,0,0,0.0584073,925
0.716869,8.27901,-5.30307,0,0,0.258407,951
0.716869,8.27901,-5.30307,0,0,0.258407,951
2.14814,7.94505,-4.04151,0,0,0.258407,924
2.14814,7.94505,-4.04151,0,0,0.258407,924
2.68743,7.5135,-4.89784,0,0,0.258407,946
2.68743,7.5135,-4.89784,0,0,0.258407,946
2.76017,7.99289,-4.6253,0,0,0.458407,884
2.76017,7.99289,-4.6253,0,0,0.458407,884
3.03689,8.14665,-4.99686,0,0,0.458407,902
3.03689,8.14665,-4.99686,0,0,0.458407,902
3.76276,8.24931,-4.86122,0,0,0.458407,805
3.76276,8.24931,-4.86122,0,0,0.458407,805
3.78798,8.17268,-4.87243,0,0,0.658407,947
3.78798,8.17268,-4.87243,0,0,0.658407,947
2.92923,8.37774,-4.97009,0,0,0.658407,945
2.92923,8.37774,-4.97009,0,0,0.658407,945
2.6065,7.56763,-5.49371,0,0,0.858407,918
2.6065,7.56763,-5.49371,0,0,0.858407,918
2.53833,7.7862,-4.939,0,0,1.05841,963
2.53833,7.7862,-4.939,0,0,1.05841,963
2.44187,8.17509,-5.1522,0,0,1.05841,961
2.44187,8.17509,-5.1522,0,0,1.05841,961
2.06831,8.16575,-4.9245,0,0,1.05841,938
2.06831,8.16575,-4.9245,0,0,1.05841,938
1.63835,8.05009,-4.85757,0,0,1.25841,935
1.63835,8.05009,-4.85757,0,0,1.25841,935
-0.293538,8.2349,-5.56245,0,0,1.65841,940
-0.293538,8.2349,-5.56245,0,0,1.65841,940
1.8659,8.73826,-4.98252,0,0,1.85841,953
1.8659,8.73826,-4.98252,0,0,1.85841,953
2.07555,8.05966,-5.44711,0,0,2.05841,888
2.07555,8.05966,-5.44711,0,0,2.05841,888
2.19838,7.87307,-5.24032,0,0,2.05841,954
2.19838,7.87307,-5.24032,0,0,2.05841,954
3.03403,8.1476,-5.2528,0,0,2.05841,965
3.03403,8.1476,-5.2528,0,0,2.05841,965
3.07144,7.96977,-5.16143,0,0,2.25841,886
3.07144,7.96977,-5.16143,0,0,2.25841,886
3.10081,7.35676,-4.99449,0,0,2.25841,652
3.10081,7.35676,-4.99449,0,0,2.25841,652
3.1243,7.19062,-4.91688,0,0,2.05841,637
3.1243,7.19062,-4.91688,0,0,2.05841,637
3.29747,7.11134,-4.74011,0,0,1.85841,640
3.29747,7.11134,-4.74011,0,0,1.85841,640
3.21839,7.88838,-4.89869,0,0,1.65841,883
3.21839,7.88838,-4.89869,0,0,1.65841,883
3.48062,7.52257,-5.41008,0,0,1.65841,943
3.48062,7.52257,-5.41008,0,0,1.65841,943
3.63986,7.18485,-5.7214,0,0,1.85841,898
3.63986,7.18485,-5.7214,0,0,1.85841,898
3.13684,7.16773,-6.40823,0,0,1.65841,916
3.13684,7.16773,-6.40823,0,0,1.65841,916
3.19559,7.2437,-6.67178,0,0,1.65841,917
3.19559,7.2437,-6.67178,0,0,1.65841,917
3.03749,6.93647,-6.88987,0,0,1.85841,911
3.03749,6.93647,-6.88987,0,0,1.85841,911
3.45554,7.87832,-6.82746,0,0,1.65841,446
3.45554,7.87832,-6.82746,0,0,1.65841,446
3.71221,7.7241,-6.81921,0,0,1.65841,919
3.71221,7.7241,-6.81921,0,0,1.65841,919
3.93821,7.99862,-7.04934,0,0,1.85841,913
3.93821,7.99862,-7.04934,0,0,1.85841,913
3.87736,7.45165,-6.9103,0,0,2.05841,944
3.87736,7.45165,-6.9103,0,0,2.05841,944
4.87359,6.48436,-6.60653,0,0,1.85841,840
4.87359,6.48436,-6.60653,0,0,1.85841,840
4.8722,6.44341,-6.78141,0,0,2.05841,914
4.8722,6.44341,-6.78141,0,0,2.05841,914
4.1419,6.2345,-6.93013,0,0,1.85841,907
4.1419,6.2345,-6.93013,0,0,1.85841,907
3.83947,6.49568,-7.09799,0,0,2.05841,909
3.83947,6.49568,-7.09799,0,0,2.05841,909
3.65231,6.1424,-6.81478,0,0,2.05841,912
3.65231,6.1424,-6.81478,0,0,2.05841,912
3.33721,6.3185,-6.70183,0,0,2.25841,921
3.33721,6.3185,-6.70183,0,0,2.25841,921
3.55107,6.24942,-7.33216,0,0,2.45841,920
3.55107,6.24942,-7.33216,0,0,2.45841,920
3.79591,6.62991,-7.28782,0,0,2.25841,949
3.79591,6.62991,-7.28782,0,0,2.25841,949
4.50602,6.73348,-6.97768,0,0,2.45841,948
4.50602,6.73348,-6.97768,0,0,2.45841,948
5.07418,6.35065,-7.7567,0,0,2.65841,433
5.07418,6.35065,-7.7567,0,0,2.65841,433
5.51243,5.85282,-8.14544,0,0,2.65841,389
5.51243,5.85282,-8.14544,0,0,2.65841,389
5.47834,5.16965,-8.90428,0,0,2.65841,513
5.47834,5.16965,-8.90428,0,0,2.65841,513
4.84406,6.45003,-9.14537,0,0,3.05841,377
4.84406,6.45003,-9.14537,0,0,3.05841,377
4.77336,6.77849,-8.81192,0,0,2.85841,461
4.77336,6.77849,-8.81192,0,0,2.85841,461
4.89923,7.0936,-8.18543,0,0,2.85841,452
4.89923,7.0936,-8.18543,0,0,2.85841,452
4.19468,7.36556,-7.72182,0,0,2.65841,456
4.19468,7.36556,-7.72182,0,0,2.65841,456
4,7.29927,-7.30496,0,0,2.85841,694
4,7.29927,-7.30496,0,0,2.85841,694
5.05271,7.3287,-7.27862,0,0,2.85841,459
5.05271,7.3287,-7.27862,0,0,2.85841,459
5.32432,8.91401,-6.43979,0,0,2.85841,425
5.32432,8.91401,-6.43979,0,0,2.85841,425
3.65529,8.27961,-6.27917,0,0,2.85841,451
3.65529,8.27961,-6.27917,0,0,2.85841,451
3.30068,8.7342,-5.93092,0,0,3.05841,434
3.30068,8.7342,-5.93092,0,0,3.05841,434
2.4832,8.1182,-6.28592,0,0,2.85841,934
2.4832,8.1182,-6.28592,0,0,2.85841,934
2.3862,8.15168,-5.1606,0,0,3.05841,889
2.3862,8.15168,-5.1606,0,0,3.05841,889
1.83975,7.87368,-5.62528,0,0,2.85841,936
1.83975,7.87368,-5.62528,0,0,2.85841,936
1.90884,7.75565,-5.45931,0,0,2.85841,931
1.90884,7.75565,-5.45931,0,0,2.85841,931
2.70518,7.57744,-5.26592,0,0,2.65841,649
2.70518,7.57744,-5.26592,0,0,2.65841,649
3.48433,7.64819,-5.03117,0,0,2.65841,962
3.48433,7.64819,-5.03117,0,0,2.65841,962
3.33426,8.09552,-4.48074,0,0,2.65841,615
3.33426,8.09552,-4.48074,0,0,2.65841,615
3.57917,7.50477,-4.11113,0,0,2.65841,618
3.57917,7.50477,-4.11113,0,0,2.65841,618
3.35582,6.85694,-4.1398,0,0,2.65841,616
3.35582,6.85694,-4.1398,0,0,2.65841,616
3.15156,7.09873,-4.43959,0,0,2.65841,604
3.15156,7.09873,-4.43959,0,0,2.65841,604
2.67417,7.65171,-3.9633,0,0,2.65841,960
2.67417,7.65171,-3.9633,0,0,2.65841,960
2.52136,6.93733,-3.61496,0,0,2.65841,941
2.52136,6.93733,-3.61496,0,0,2.65841,941
3.05369,7.21621,-3.59425,0,0,2.45841,922
3.05369,7.21621,-3.59425,0,0,2.45841,922
2.92369,7.32884,-3.31324,0,0,2.45841,964
2.92369,7.32884,-3.31324,0,0,2.45841,964
2.77221,7.52878,-3.55608,0,0,2.45841,959
2.77221,7.52878,-3.55608,0,0,2.45841,959
2.27374,7.69178,-3.17427,0,0,2.45841,942
2.27374,7.69178,-3.17427,0,0,2.45841,942
2.73908,7.46083,-2.42663,0,0,2.65841,1026
2.73908,7.46083,-2.42663,0,0,2.65841,1026
1.96389,7.23449,-2.53821,0,0,2.45841,877
1.96389,7.23449,-2.53821,0,0,2.45841,877
1.22795,7.36268,-2.55155,0,0,2.05841,878
1.22795,7.36268,-2.55155,0,0,2.05841,878
2.13189,7.68649,-3.26553,0,0,1.85841,651
2.13189,7.68649,-3.26553,0,0,1.85841,651
2.75001,7.54474,-3.35594,0,0,2.05841,957
2.75001,7.54474,-3.35594,0,0,2.05841,957
2.94396,7.07316,-2.99163,0,0,2.05841,797
2.94396,7.07316,-2.99163,0,0,2.05841,797
2.67779,6.97255,-3.23478,0,0,2.25841,879
2.67779,6.97255,-3.23478,0,0,2.25841,879
3.53003,6.24244,-3.64386,0,0,2.25841,991
3.53003,6.24244,-3.64386,0,0,2.25841,991
3.36144,4.24279,-3.47528,0,0,2.25841,588
3.36144,4.24279,-3.47528,0,0,2.25841,588
2.61339,4.02099,-3.32261,0,0,2.25841,647
2.61339,4.02099,-3.32261,0,0,2.25841,647
3.69045,3.91436,-3.16898,0,0,2.65841,585
3.69045,3.91436,-3.16898,0,0,2.65841,585
3.27251,3.92347,-2.86145,0,0,2.65841,586
3.27251,3.92347,-2.86145,0,0,2.65841,586
3.26819,3.72278,-2.71412,0,0,2.65841,987
3.26819,3.72278,-2.71412,0,0,2.65841,987
4.52773,2.61833,-2.22543,0,0,3.05841,102
4.52773,2.61833,-2.22543,0,0,3.05841,102
3.28723,4.20416,-3.2833,0,0,3.05841,601
3.28723,4.20416,-3.2833,0,0,3.05841,601
2.4106,4.0174,-3.59085,0,0,3.05841,597
2.4106,4.0174,-3.59085,0,0,3.05841,597
2.7292,4.26389,-4.34814,0,0,3.05841,688
2.7292,4.26389,-4.34814,0,0,3.05841,688
2.75541,3.96454,-4.05845,0,0,2.85841,685
2.75541,3.96454,-4.05845,0,0,2.85841,685
2.84841,4.27309,-4.16403,0,0,2.85841,673
2.84841,4.27309,-4.16403,0,0,2.85841,673
3.01039,4.25772,-3.80985,0,0,2.85841,591
3.01039,4.25772,-3.80985,0,0,2.85841,591
2.89019,3.94794,-4.13609,0,0,2.65841,592
2.89019,3.94794,-4.13609,0,0,2.65841,592
2.90915,3.82716,-5.85794,0,0,2.65841,682
2.90915,3.82716,-5.85794,0,0,2.65841,682
3.26841,4.07446,-5.58802,0,0,2.85841,791
3.26841,4.07446,-5.58802,0,0,2.85841,791
3.28923,3.84188,-5.78683,0,0,3.05841,789
3.28923,3.84188,-5.78683,0,0,3.05841,789
4,6.22899,-6.13867,0,0,3.05841,661
4,6.22899,-6.13867,0,0,3.05841,661
4,6.15924,-5.81546,0,0,2.85841,662
4,6.15924,-5.81546,0,0,2.85841,662
3.09693,6.8803,-5.20917,0,0,2.65841,663
3.09693,6.8803,-5.20917,0,0,2.65841,663
2.94495,7.03515,-5.03376,0,0,2.65841,666
2.94495,7.03515,-5.03376,0,0,2.65841,666
3.15738,6.59692,-5.32884,0,0,2.45841,656
3.15738,6.59692,-5.32884,0,0,2.45841,656
2.86148,7.39182,-5.26108,0,0,2.45841,653
2.86148,7.39182,-5.26108,0,0,2.45841,653
3.05559,7.77917,-5.17385,0,0,2.45841,654
3.05559,7.77917,-5.17385,0,0,2.45841,654
3.21451,8.05838,-6.28631,0,0,2.45841,444
3.21451,8.05838,-6.28631,0,0,2.45841,444
3.06201,8.42991,-6.16403,0,0,2.45841,438
3.06201,8.42991,-6.16403,0,0,2.45841,438
2.04695,8.00546,-5.78604,0,0,2.45841,956
2.04695,8.00546,-5.78604,0,0,2.45841,956
1.27269,7.72245,-6.10163,0,0,2.45841,927
1.27269,7.72245,-6.10163,0,0,2.45841,927
1.10879,7.43618,-5.63894,0,0,2.45841,933
1.10879,7.43618,-5.63894,0,0,2.45841,933
2.23092,8.50578,-4.77167,0,0,2.45841,634
2.23092,8.50578,-4.77167,0,0,2.45841,634
1.49611,8.50213,-3.85915,0,0,2.65841,650
1.49611,8.50213,-3.85915,0,0,2.65841,650
2.4705,8.87302,-3.27714,0,0,2.65841,605
2.4705,8.87302,-3.27714,0,0,2.65841,605
3.45168,7.67466,-3.38448,0,0,3.05841,603
3.45168,7.67466,-3.38448,0,0,3.05841,603
3.32713,6.73355,-3.25427,0,0,2.85841,607
3.32713,6.73355,-3.25427,0,0,2.85841,607
3.69484,6.57029,-3.49916,0,0,2.65841,613
3.69484,6.57029,-3.49916,0,0,2.65841,613
3.86954,6.98934,-3.4503,0,0,2.65841,614
3.86954,6.98934,-3.4503,0,0,2.65841,614
3.92398,7.55968,-3.02311,0,0,2.65841,1025
3.92398,7.55968,-3.02311,0,0,2.65841,1025
5.68144,7.57518,-3.12893,0,0,2.25841,869
5.68144,7.57518,-3.12893,0,0,2.25841,869
5.86003,7.27626,-3.31111,0,0,2.05841,876
5.86003,7.27626,-3.31111,0,0,2.05841,876
6.31515,7.32457,-3.30569,0,0,1.85841,837
6.31515,7.32457,-3.30569,0,0,1.85841,837
6.55729,7.37421,-2.8402,0,0,1.85841,835
6.55729,7.37421,-2.8402,0,0,1.85841,835
7.5159,7.3467,-2.7963,0,0,1.85841,176
7.5159,7.3467,-2.7963,0,0,1.85841,176
6.22666,7.04209,-2.22481,0,0,1.65841,1032
6.22666,7.04209,-2.22481,0,0,1.65841,1032
6.9448,6.56808,-1.45877,0,0,1.45841,245
6.9448,6.56808,-1.45877,0,0,1.45841,245
6.33849,7.05376,-2.01489,0,0,1.25841,975
6.33849,7.05376,-2.01489,0,0,1.25841,975
5.74394,7.53161,-1.26238,0,0,1.25841,1010
5.74394,7.53161,-1.26238,0,0,1.25841,1010
5.82549,7.32964,-2.45766,0,0,1.05841,815
5.82549,7.32964,-2.45766,0,0,1.05841,815
5.50443,7.73076,-2.54018,0,0,1.25841,826
5.50443,7.73076,-2.54018,0,0,1.25841,826
5.5797,7.95344,-2.70492,0,0,1.25841,825
5.5797,7.95344,-2.70492,0,0,1.25841,825
6.02946,7.36111,-3.1483,0,0,1.25841,816
6.02946,7.36111,-3.1483,0,0,1.25841,816
6.27302,6.84665,-2.76875,0,0,1.25841,196
6.27302,6.84665,-2.76875,0,0,1.25841,196
6.40657,6.81643,-3.37669,0,0,1.25841,817
6.40657,6.81643,-3.37669,0,0,1.25841,817
6.07316,7.48365,-3.28599,0,0,1.45841,819
6.07316,7.48365,-3.28599,0,0,1.45841,819
5.78268,7.45296,-2.96015,0,0,1.45841,827
5.78268,7.45296,-2.96015,0,0,1.45841,827
5.57577,7.80425,-2.60747,0,0,1.65841,861
5.57577,7.80425,-2.60747,0,0,1.65841,861
5.93534,7.11096,-2.41497,0,0,1.85841,860
5.93534,7.11096,-2.41497,0,0,1.85841,860
5.84723,7.63746,-2.71294,0,0,1.85841,855
5.84723,7.63746,-2.71294,0,0,1.85841,855
5.85825,7.41998,-2.9044,0,0,1.85841,838
5.85825,7.41998,-2.9044,0,0,1.85841,838
5.68551,7.47699,-3.29126,0,0,1.85841,874
5.68551,7.47699,-3.29126,0,0,1.85841,874
5.53331,8.18686,-3.7883,0,0,1.65841,872
5.53331,8.18686,-3.7883,0,0,1.65841,872
5.78704,8.68342,-4.24656,0,0,1.65841,873
5.78704,8.68342,-4.24656,0,0,1.65841,873
6.35323,8.39039,-4.67921,0,0,1.65841,455
6.35323,8.39039,-4.67921,0,0,1.65841,455
5.71301,8.28646,-4.07958,0,0,1.45841,864
5.71301,8.28646,-4.07958,0,0,1.45841,864
5.90292,8.49368,-3.62846,0,0,1.05841,868
5.90292,8.49368,-3.62846,0,0,1.05841,868
6.75658,8.15421,-3.63373,0,0,1.05841,851
6.75658,8.15421,-3.63373,0,0,1.05841,851
6.71898,8.01743,-4.32463,0,0,1.05841,906
6.71898,8.01743,-4.32463,0,0,1.05841,906
7.38034,8.00356,-4.5259,0,0,1.05841,204
7.38034,8.00356,-4.5259,0,0,1.05841,204
7.99648,7.9883,-3.56431,0,0,1.05841,852
7.99648,7.9883,-3.56431,0,0,1.05841,852
8.60319,8.49065,-4.10541,0,0,1.25841,905
8.60319,8.49065,-4.10541,0,0,1.25841,905
7.72107,7.95172,-3.62393,0,0,1.45841,833
7.72107,7.95172,-3.62393,0,0,1.45841,833
7.60596,7.83922,-4.12734,0,0,1.65841,836
7.60596,7.83922,-4.12734,0,0,1.65841,836
7.58309,8.65202,-4.10053,0,0,1.85841,875
7.58309,8.65202,-4.10053,0,0,1.85841,875
7.65816,8.54472,-4.44106,0,0,2.25841,415
7.65816,8.54472,-4.44106,0,0,2.25841,415
9.48406,9,-4.37142,0,0,2.25841,866
9.48406,9,-4.37142,0,0,2.25841,866
15,15,-8,0,0,0,1
